module_number,module_path,capability,evidence_count,evidence_terms,function_names,table_names
6,crypto_platform/module6.py,benchmark_comparison,2,benchmark,__init__; annualized_vol; build_cycle_transitions; build_snapshots; build_validation; canonical_prices; classify_signal; cycle_phase; inverse_score; linear_score; max_drawdown; pct_change; refresh_validation_summary; rsi; run; run_module6; sync_canonical_history; upsert; utcnow; weighted,__future__; _m6_stage; asset_market_daily; asset_ohlcv; canonical_market_daily; crypto_platform.module2; crypto_platform.module3; crypto_platform.module5; crypto_platform.platform; cycle_transition_history; datetime; model_snapshots_daily; module6_runs; signal_forward_performance; signal_validation_summary; typing
6,crypto_platform/module6.py,drawdown_analysis,13,drawdown; max_drawdown,__init__; annualized_vol; build_cycle_transitions; build_snapshots; build_validation; canonical_prices; classify_signal; cycle_phase; inverse_score; linear_score; max_drawdown; pct_change; refresh_validation_summary; rsi; run; run_module6; sync_canonical_history; upsert; utcnow; weighted,__future__; _m6_stage; asset_market_daily; asset_ohlcv; canonical_market_daily; crypto_platform.module2; crypto_platform.module3; crypto_platform.module5; crypto_platform.platform; cycle_transition_history; datetime; model_snapshots_daily; module6_runs; signal_forward_performance; signal_validation_summary; typing
6,crypto_platform/module6.py,risk_adjusted_metrics,2,volatility,__init__; annualized_vol; build_cycle_transitions; build_snapshots; build_validation; canonical_prices; classify_signal; cycle_phase; inverse_score; linear_score; max_drawdown; pct_change; refresh_validation_summary; rsi; run; run_module6; sync_canonical_history; upsert; utcnow; weighted,__future__; _m6_stage; asset_market_daily; asset_ohlcv; canonical_market_daily; crypto_platform.module2; crypto_platform.module3; crypto_platform.module5; crypto_platform.platform; cycle_transition_history; datetime; model_snapshots_daily; module6_runs; signal_forward_performance; signal_validation_summary; typing
6,crypto_platform/module6.py,forecast_calibration,1,ece,__init__; annualized_vol; build_cycle_transitions; build_snapshots; build_validation; canonical_prices; classify_signal; cycle_phase; inverse_score; linear_score; max_drawdown; pct_change; refresh_validation_summary; rsi; run; run_module6; sync_canonical_history; upsert; utcnow; weighted,__future__; _m6_stage; asset_market_daily; asset_ohlcv; canonical_market_daily; crypto_platform.module2; crypto_platform.module3; crypto_platform.module5; crypto_platform.platform; cycle_transition_history; datetime; model_snapshots_daily; module6_runs; signal_forward_performance; signal_validation_summary; typing
6,crypto_platform/module6.py,lookahead_protection,1,shift(1,__init__; annualized_vol; build_cycle_transitions; build_snapshots; build_validation; canonical_prices; classify_signal; cycle_phase; inverse_score; linear_score; max_drawdown; pct_change; refresh_validation_summary; rsi; run; run_module6; sync_canonical_history; upsert; utcnow; weighted,__future__; _m6_stage; asset_market_daily; asset_ohlcv; canonical_market_daily; crypto_platform.module2; crypto_platform.module3; crypto_platform.module5; crypto_platform.platform; cycle_transition_history; datetime; model_snapshots_daily; module6_runs; signal_forward_performance; signal_validation_summary; typing
6,crypto_platform/module6.py,auditability,8,run_id,__init__; annualized_vol; build_cycle_transitions; build_snapshots; build_validation; canonical_prices; classify_signal; cycle_phase; inverse_score; linear_score; max_drawdown; pct_change; refresh_validation_summary; rsi; run; run_module6; sync_canonical_history; upsert; utcnow; weighted,__future__; _m6_stage; asset_market_daily; asset_ohlcv; canonical_market_daily; crypto_platform.module2; crypto_platform.module3; crypto_platform.module5; crypto_platform.platform; cycle_transition_history; datetime; model_snapshots_daily; module6_runs; signal_forward_performance; signal_validation_summary; typing
7,crypto_platform/module7.py,walk_forward_validation,13,walk_forward,__init__; calibrated_reliability; feature_importance; learned_thresholds; modeling_frame; r_squared; reliability_score; ridge_fit; ridge_predict; run; run_module7; safe_mean; score_bins; standardize_train_test; upsert; utcnow; valuation_validation; walk_forward,__future__; _m7_stage; calibrated_signal_reliability; crypto_platform.module2; crypto_platform.module3; crypto_platform.module5; crypto_platform.module6; crypto_platform.platform; datetime; feature_importance_results; learned_signal_thresholds; model_snapshots_daily; module7_runs; score_bin_performance; signal_forward_performance; signal_validation_summary; typing; valuation_validation_summary; walk_forward_predictions; walk_forward_results
7,crypto_platform/module7.py,time_based_split,25,test_end; test_start; train_end; train_start,__init__; calibrated_reliability; feature_importance; learned_thresholds; modeling_frame; r_squared; reliability_score; ridge_fit; ridge_predict; run; run_module7; safe_mean; score_bins; standardize_train_test; upsert; utcnow; valuation_validation; walk_forward,__future__; _m7_stage; calibrated_signal_reliability; crypto_platform.module2; crypto_platform.module3; crypto_platform.module5; crypto_platform.module6; crypto_platform.platform; datetime; feature_importance_results; learned_signal_thresholds; model_snapshots_daily; module7_runs; score_bin_performance; signal_forward_performance; signal_validation_summary; typing; valuation_validation_summary; walk_forward_predictions; walk_forward_results
7,crypto_platform/module7.py,drawdown_analysis,2,drawdown; max_drawdown,__init__; calibrated_reliability; feature_importance; learned_thresholds; modeling_frame; r_squared; reliability_score; ridge_fit; ridge_predict; run; run_module7; safe_mean; score_bins; standardize_train_test; upsert; utcnow; valuation_validation; walk_forward,__future__; _m7_stage; calibrated_signal_reliability; crypto_platform.module2; crypto_platform.module3; crypto_platform.module5; crypto_platform.module6; crypto_platform.platform; datetime; feature_importance_results; learned_signal_thresholds; model_snapshots_daily; module7_runs; score_bin_performance; signal_forward_performance; signal_validation_summary; typing; valuation_validation_summary; walk_forward_predictions; walk_forward_results
7,crypto_platform/module7.py,risk_adjusted_metrics,1,volatility,__init__; calibrated_reliability; feature_importance; learned_thresholds; modeling_frame; r_squared; reliability_score; ridge_fit; ridge_predict; run; run_module7; safe_mean; score_bins; standardize_train_test; upsert; utcnow; valuation_validation; walk_forward,__future__; _m7_stage; calibrated_signal_reliability; crypto_platform.module2; crypto_platform.module3; crypto_platform.module5; crypto_platform.module6; crypto_platform.platform; datetime; feature_importance_results; learned_signal_thresholds; model_snapshots_daily; module7_runs; score_bin_performance; signal_forward_performance; signal_validation_summary; typing; valuation_validation_summary; walk_forward_predictions; walk_forward_results
7,crypto_platform/module7.py,forecast_calibration,8,calibration,__init__; calibrated_reliability; feature_importance; learned_thresholds; modeling_frame; r_squared; reliability_score; ridge_fit; ridge_predict; run; run_module7; safe_mean; score_bins; standardize_train_test; upsert; utcnow; valuation_validation; walk_forward,__future__; _m7_stage; calibrated_signal_reliability; crypto_platform.module2; crypto_platform.module3; crypto_platform.module5; crypto_platform.module6; crypto_platform.platform; datetime; feature_importance_results; learned_signal_thresholds; model_snapshots_daily; module7_runs; score_bin_performance; signal_forward_performance; signal_validation_summary; typing; valuation_validation_summary; walk_forward_predictions; walk_forward_results
7,crypto_platform/module7.py,statistical_confidence,7,permutation,__init__; calibrated_reliability; feature_importance; learned_thresholds; modeling_frame; r_squared; reliability_score; ridge_fit; ridge_predict; run; run_module7; safe_mean; score_bins; standardize_train_test; upsert; utcnow; valuation_validation; walk_forward,__future__; _m7_stage; calibrated_signal_reliability; crypto_platform.module2; crypto_platform.module3; crypto_platform.module5; crypto_platform.module6; crypto_platform.platform; datetime; feature_importance_results; learned_signal_thresholds; model_snapshots_daily; module7_runs; score_bin_performance; signal_forward_performance; signal_validation_summary; typing; valuation_validation_summary; walk_forward_predictions; walk_forward_results
7,crypto_platform/module7.py,deterministic_replay,2,random_seed; seed,__init__; calibrated_reliability; feature_importance; learned_thresholds; modeling_frame; r_squared; reliability_score; ridge_fit; ridge_predict; run; run_module7; safe_mean; score_bins; standardize_train_test; upsert; utcnow; valuation_validation; walk_forward,__future__; _m7_stage; calibrated_signal_reliability; crypto_platform.module2; crypto_platform.module3; crypto_platform.module5; crypto_platform.module6; crypto_platform.platform; datetime; feature_importance_results; learned_signal_thresholds; model_snapshots_daily; module7_runs; score_bin_performance; signal_forward_performance; signal_validation_summary; typing; valuation_validation_summary; walk_forward_predictions; walk_forward_results
7,crypto_platform/module7.py,auditability,48,run_id,__init__; calibrated_reliability; feature_importance; learned_thresholds; modeling_frame; r_squared; reliability_score; ridge_fit; ridge_predict; run; run_module7; safe_mean; score_bins; standardize_train_test; upsert; utcnow; valuation_validation; walk_forward,__future__; _m7_stage; calibrated_signal_reliability; crypto_platform.module2; crypto_platform.module3; crypto_platform.module5; crypto_platform.module6; crypto_platform.platform; datetime; feature_importance_results; learned_signal_thresholds; model_snapshots_daily; module7_runs; score_bin_performance; signal_forward_performance; signal_validation_summary; typing; valuation_validation_summary; walk_forward_predictions; walk_forward_results
8,crypto_platform/module8.py,walk_forward_validation,19,oos; walk-forward; walk_forward,__init__; approximate_shap; current_feature_frame; current_predictions; global_importance; ml_signal_from_percentile; model; prepare; promotion_weight; run; run_module8; safe_correlation; signal_from_score; train_final; training_frame; upsert; utcnow; walk_forward,__future__; _m8_stage; crypto_platform.module2; crypto_platform.module3; crypto_platform.module5; crypto_platform.module6; crypto_platform.module7; crypto_platform.platform; datetime; ensemble_validation_summary; latest_asset_signals; latest_model_snapshots; ml_feature_importance; ml_model_registry; ml_predictions_current; ml_shap_explanations; ml_walk_forward_regime_results; ml_walk_forward_results; model_snapshots_daily; module8_runs; pathlib; signal_forward_performance; sklearn.ensemble; sklearn.inspection; sklearn.metrics; typing
8,crypto_platform/module8.py,time_based_split,25,test_end; test_start; train_end; train_start,__init__; approximate_shap; current_feature_frame; current_predictions; global_importance; ml_signal_from_percentile; model; prepare; promotion_weight; run; run_module8; safe_correlation; signal_from_score; train_final; training_frame; upsert; utcnow; walk_forward,__future__; _m8_stage; crypto_platform.module2; crypto_platform.module3; crypto_platform.module5; crypto_platform.module6; crypto_platform.module7; crypto_platform.platform; datetime; ensemble_validation_summary; latest_asset_signals; latest_model_snapshots; ml_feature_importance; ml_model_registry; ml_predictions_current; ml_shap_explanations; ml_walk_forward_regime_results; ml_walk_forward_results; model_snapshots_daily; module8_runs; pathlib; signal_forward_performance; sklearn.ensemble; sklearn.inspection; sklearn.metrics; typing
8,crypto_platform/module8.py,statistical_confidence,19,p_value; permutation,__init__; approximate_shap; current_feature_frame; current_predictions; global_importance; ml_signal_from_percentile; model; prepare; promotion_weight; run; run_module8; safe_correlation; signal_from_score; train_final; training_frame; upsert; utcnow; walk_forward,__future__; _m8_stage; crypto_platform.module2; crypto_platform.module3; crypto_platform.module5; crypto_platform.module6; crypto_platform.module7; crypto_platform.platform; datetime; ensemble_validation_summary; latest_asset_signals; latest_model_snapshots; ml_feature_importance; ml_model_registry; ml_predictions_current; ml_shap_explanations; ml_walk_forward_regime_results; ml_walk_forward_results; model_snapshots_daily; module8_runs; pathlib; signal_forward_performance; sklearn.ensemble; sklearn.inspection; sklearn.metrics; typing
8,crypto_platform/module8.py,regime_validation,21,regime,__init__; approximate_shap; current_feature_frame; current_predictions; global_importance; ml_signal_from_percentile; model; prepare; promotion_weight; run; run_module8; safe_correlation; signal_from_score; train_final; training_frame; upsert; utcnow; walk_forward,__future__; _m8_stage; crypto_platform.module2; crypto_platform.module3; crypto_platform.module5; crypto_platform.module6; crypto_platform.module7; crypto_platform.platform; datetime; ensemble_validation_summary; latest_asset_signals; latest_model_snapshots; ml_feature_importance; ml_model_registry; ml_predictions_current; ml_shap_explanations; ml_walk_forward_regime_results; ml_walk_forward_results; model_snapshots_daily; module8_runs; pathlib; signal_forward_performance; sklearn.ensemble; sklearn.inspection; sklearn.metrics; typing
8,crypto_platform/module8.py,deterministic_replay,13,random_seed; random_state; seed,__init__; approximate_shap; current_feature_frame; current_predictions; global_importance; ml_signal_from_percentile; model; prepare; promotion_weight; run; run_module8; safe_correlation; signal_from_score; train_final; training_frame; upsert; utcnow; walk_forward,__future__; _m8_stage; crypto_platform.module2; crypto_platform.module3; crypto_platform.module5; crypto_platform.module6; crypto_platform.module7; crypto_platform.platform; datetime; ensemble_validation_summary; latest_asset_signals; latest_model_snapshots; ml_feature_importance; ml_model_registry; ml_predictions_current; ml_shap_explanations; ml_walk_forward_regime_results; ml_walk_forward_results; model_snapshots_daily; module8_runs; pathlib; signal_forward_performance; sklearn.ensemble; sklearn.inspection; sklearn.metrics; typing
8,crypto_platform/module8.py,auditability,47,run_id,__init__; approximate_shap; current_feature_frame; current_predictions; global_importance; ml_signal_from_percentile; model; prepare; promotion_weight; run; run_module8; safe_correlation; signal_from_score; train_final; training_frame; upsert; utcnow; walk_forward,__future__; _m8_stage; crypto_platform.module2; crypto_platform.module3; crypto_platform.module5; crypto_platform.module6; crypto_platform.module7; crypto_platform.platform; datetime; ensemble_validation_summary; latest_asset_signals; latest_model_snapshots; ml_feature_importance; ml_model_registry; ml_predictions_current; ml_shap_explanations; ml_walk_forward_regime_results; ml_walk_forward_results; model_snapshots_daily; module8_runs; pathlib; signal_forward_performance; sklearn.ensemble; sklearn.inspection; sklearn.metrics; typing
8,crypto_platform/module8.py,promotion_guardrails,31,promoted; promotion,__init__; approximate_shap; current_feature_frame; current_predictions; global_importance; ml_signal_from_percentile; model; prepare; promotion_weight; run; run_module8; safe_correlation; signal_from_score; train_final; training_frame; upsert; utcnow; walk_forward,__future__; _m8_stage; crypto_platform.module2; crypto_platform.module3; crypto_platform.module5; crypto_platform.module6; crypto_platform.module7; crypto_platform.platform; datetime; ensemble_validation_summary; latest_asset_signals; latest_model_snapshots; ml_feature_importance; ml_model_registry; ml_predictions_current; ml_shap_explanations; ml_walk_forward_regime_results; ml_walk_forward_results; model_snapshots_daily; module8_runs; pathlib; signal_forward_performance; sklearn.ensemble; sklearn.inspection; sklearn.metrics; typing
9,crypto_platform/module9.py,walk_forward_validation,15,oos; walk-forward; walk_forward,__init__; calibration_rows; classifier; current_predictions; frame; prepare; probability_spread; promotion; regime_validation; regressor; run; run_module9; safe_auc; score_signal; target_bounds; upsert; utcnow; walk_forward,__future__; _m9_stage; calibrated_walk_forward_results; crypto_platform.module2; crypto_platform.module3; crypto_platform.module5; crypto_platform.module6; crypto_platform.module7; crypto_platform.module8; crypto_platform.platform; datetime; latest_asset_signals; latest_model_snapshots; model_snapshots_daily; module9_runs; predictive_classification_current; predictive_promotion_summary; probability_calibration_bins; regime_model_validation; signal_forward_performance; sklearn.ensemble; sklearn.metrics; typing
9,crypto_platform/module9.py,time_based_split,25,test_end; test_start; train_end; train_start,__init__; calibration_rows; classifier; current_predictions; frame; prepare; probability_spread; promotion; regime_validation; regressor; run; run_module9; safe_auc; score_signal; target_bounds; upsert; utcnow; walk_forward,__future__; _m9_stage; calibrated_walk_forward_results; crypto_platform.module2; crypto_platform.module3; crypto_platform.module5; crypto_platform.module6; crypto_platform.module7; crypto_platform.module8; crypto_platform.platform; datetime; latest_asset_signals; latest_model_snapshots; model_snapshots_daily; module9_runs; predictive_classification_current; predictive_promotion_summary; probability_calibration_bins; regime_model_validation; signal_forward_performance; sklearn.ensemble; sklearn.metrics; typing
9,crypto_platform/module9.py,forecast_calibration,23,calibration; probability_calibration,__init__; calibration_rows; classifier; current_predictions; frame; prepare; probability_spread; promotion; regime_validation; regressor; run; run_module9; safe_auc; score_signal; target_bounds; upsert; utcnow; walk_forward,__future__; _m9_stage; calibrated_walk_forward_results; crypto_platform.module2; crypto_platform.module3; crypto_platform.module5; crypto_platform.module6; crypto_platform.module7; crypto_platform.module8; crypto_platform.platform; datetime; latest_asset_signals; latest_model_snapshots; model_snapshots_daily; module9_runs; predictive_classification_current; predictive_promotion_summary; probability_calibration_bins; regime_model_validation; signal_forward_performance; sklearn.ensemble; sklearn.metrics; typing
9,crypto_platform/module9.py,regime_validation,31,regime,__init__; calibration_rows; classifier; current_predictions; frame; prepare; probability_spread; promotion; regime_validation; regressor; run; run_module9; safe_auc; score_signal; target_bounds; upsert; utcnow; walk_forward,__future__; _m9_stage; calibrated_walk_forward_results; crypto_platform.module2; crypto_platform.module3; crypto_platform.module5; crypto_platform.module6; crypto_platform.module7; crypto_platform.module8; crypto_platform.platform; datetime; latest_asset_signals; latest_model_snapshots; model_snapshots_daily; module9_runs; predictive_classification_current; predictive_promotion_summary; probability_calibration_bins; regime_model_validation; signal_forward_performance; sklearn.ensemble; sklearn.metrics; typing
9,crypto_platform/module9.py,deterministic_replay,6,random_seed; random_state; seed,__init__; calibration_rows; classifier; current_predictions; frame; prepare; probability_spread; promotion; regime_validation; regressor; run; run_module9; safe_auc; score_signal; target_bounds; upsert; utcnow; walk_forward,__future__; _m9_stage; calibrated_walk_forward_results; crypto_platform.module2; crypto_platform.module3; crypto_platform.module5; crypto_platform.module6; crypto_platform.module7; crypto_platform.module8; crypto_platform.platform; datetime; latest_asset_signals; latest_model_snapshots; model_snapshots_daily; module9_runs; predictive_classification_current; predictive_promotion_summary; probability_calibration_bins; regime_model_validation; signal_forward_performance; sklearn.ensemble; sklearn.metrics; typing
9,crypto_platform/module9.py,auditability,37,run_id,__init__; calibration_rows; classifier; current_predictions; frame; prepare; probability_spread; promotion; regime_validation; regressor; run; run_module9; safe_auc; score_signal; target_bounds; upsert; utcnow; walk_forward,__future__; _m9_stage; calibrated_walk_forward_results; crypto_platform.module2; crypto_platform.module3; crypto_platform.module5; crypto_platform.module6; crypto_platform.module7; crypto_platform.module8; crypto_platform.platform; datetime; latest_asset_signals; latest_model_snapshots; model_snapshots_daily; module9_runs; predictive_classification_current; predictive_promotion_summary; probability_calibration_bins; regime_model_validation; signal_forward_performance; sklearn.ensemble; sklearn.metrics; typing
9,crypto_platform/module9.py,promotion_guardrails,32,promoted; promotion,__init__; calibration_rows; classifier; current_predictions; frame; prepare; probability_spread; promotion; regime_validation; regressor; run; run_module9; safe_auc; score_signal; target_bounds; upsert; utcnow; walk_forward,__future__; _m9_stage; calibrated_walk_forward_results; crypto_platform.module2; crypto_platform.module3; crypto_platform.module5; crypto_platform.module6; crypto_platform.module7; crypto_platform.module8; crypto_platform.platform; datetime; latest_asset_signals; latest_model_snapshots; model_snapshots_daily; module9_runs; predictive_classification_current; predictive_promotion_summary; probability_calibration_bins; regime_model_validation; signal_forward_performance; sklearn.ensemble; sklearn.metrics; typing
10,crypto_platform/module10.py,risk_adjusted_metrics,1,volatility,__init__; backfill_history; binance_symbol; calculate_breadth; calibrate_current_probabilities; calibration_training_data; collect_defi; collect_derivatives; collect_sentiment; discover_universe; get_json; run; run_module10; signal_from_score; upsert; utcnow,__future__; _m10_stage; calibrated_predictive_current; calibrated_probability_models; crypto_platform.module2; crypto_platform.module3; crypto_platform.module5; crypto_platform.module6; crypto_platform.module7; crypto_platform.module8; crypto_platform.module9; crypto_platform.platform; crypto_sentiment_daily; datetime; defi_market_snapshot; derivatives_funding_daily; derivatives_open_interest; latest_predictive_classifications; module10_runs; probability_calibration_bins; research_market_breadth; research_market_daily; research_universe; sklearn.isotonic; typing
10,crypto_platform/module10.py,forecast_calibration,18,calibration; probability_calibration,__init__; backfill_history; binance_symbol; calculate_breadth; calibrate_current_probabilities; calibration_training_data; collect_defi; collect_derivatives; collect_sentiment; discover_universe; get_json; run; run_module10; signal_from_score; upsert; utcnow,__future__; _m10_stage; calibrated_predictive_current; calibrated_probability_models; crypto_platform.module2; crypto_platform.module3; crypto_platform.module5; crypto_platform.module6; crypto_platform.module7; crypto_platform.module8; crypto_platform.module9; crypto_platform.platform; crypto_sentiment_daily; datetime; defi_market_snapshot; derivatives_funding_daily; derivatives_open_interest; latest_predictive_classifications; module10_runs; probability_calibration_bins; research_market_breadth; research_market_daily; research_universe; sklearn.isotonic; typing
10,crypto_platform/module10.py,regime_validation,8,regime,__init__; backfill_history; binance_symbol; calculate_breadth; calibrate_current_probabilities; calibration_training_data; collect_defi; collect_derivatives; collect_sentiment; discover_universe; get_json; run; run_module10; signal_from_score; upsert; utcnow,__future__; _m10_stage; calibrated_predictive_current; calibrated_probability_models; crypto_platform.module2; crypto_platform.module3; crypto_platform.module5; crypto_platform.module6; crypto_platform.module7; crypto_platform.module8; crypto_platform.module9; crypto_platform.platform; crypto_sentiment_daily; datetime; defi_market_snapshot; derivatives_funding_daily; derivatives_open_interest; latest_predictive_classifications; module10_runs; probability_calibration_bins; research_market_breadth; research_market_daily; research_universe; sklearn.isotonic; typing
10,crypto_platform/module10.py,auditability,29,audit; run_id,__init__; backfill_history; binance_symbol; calculate_breadth; calibrate_current_probabilities; calibration_training_data; collect_defi; collect_derivatives; collect_sentiment; discover_universe; get_json; run; run_module10; signal_from_score; upsert; utcnow,__future__; _m10_stage; calibrated_predictive_current; calibrated_probability_models; crypto_platform.module2; crypto_platform.module3; crypto_platform.module5; crypto_platform.module6; crypto_platform.module7; crypto_platform.module8; crypto_platform.module9; crypto_platform.platform; crypto_sentiment_daily; datetime; defi_market_snapshot; derivatives_funding_daily; derivatives_open_interest; latest_predictive_classifications; module10_runs; probability_calibration_bins; research_market_breadth; research_market_daily; research_universe; sklearn.isotonic; typing
10,crypto_platform/module10.py,promotion_guardrails,3,promoted; promotion,__init__; backfill_history; binance_symbol; calculate_breadth; calibrate_current_probabilities; calibration_training_data; collect_defi; collect_derivatives; collect_sentiment; discover_universe; get_json; run; run_module10; signal_from_score; upsert; utcnow,__future__; _m10_stage; calibrated_predictive_current; calibrated_probability_models; crypto_platform.module2; crypto_platform.module3; crypto_platform.module5; crypto_platform.module6; crypto_platform.module7; crypto_platform.module8; crypto_platform.module9; crypto_platform.platform; crypto_sentiment_daily; datetime; defi_market_snapshot; derivatives_funding_daily; derivatives_open_interest; latest_predictive_classifications; module10_runs; probability_calibration_bins; research_market_breadth; research_market_daily; research_universe; sklearn.isotonic; typing
11,crypto_platform/module11.py,benchmark_comparison,2,market_cap_weight,__init__; apply_calibrator; backfill_history; binance_history; build_symbol_map; calculate_quality; classify_taxonomy; coinbase_history; collect_derivatives; existing_latest_date; fit_calibrator; get_json; kraken_history; probability_rows; provider_symbols; robust_calibration; run; run_module11; sector_snapshot; signal_from_score; upsert; utcnow,__future__; _m11_stage; crypto_platform.module10; crypto_platform.module2; crypto_platform.module3; crypto_platform.module5; crypto_platform.module6; crypto_platform.module7; crypto_platform.module8; crypto_platform.module9; crypto_platform.platform; datetime; derivatives_collection_status; exchange_symbol_map; historical_provider_health; latest_predictive_classifications; latest_research_universe; module11_runs; probability_calibration_bins; probability_calibration_registry; research_asset_taxonomy; research_history_quality; research_market_daily; robust_calibrated_predictive_current; sector_market_snapshot; sklearn.isotonic; sklearn.linear_model; typing
11,crypto_platform/module11.py,forecast_calibration,27,brier; calibration; ece; probability_calibration,__init__; apply_calibrator; backfill_history; binance_history; build_symbol_map; calculate_quality; classify_taxonomy; coinbase_history; collect_derivatives; existing_latest_date; fit_calibrator; get_json; kraken_history; probability_rows; provider_symbols; robust_calibration; run; run_module11; sector_snapshot; signal_from_score; upsert; utcnow,__future__; _m11_stage; crypto_platform.module10; crypto_platform.module2; crypto_platform.module3; crypto_platform.module5; crypto_platform.module6; crypto_platform.module7; crypto_platform.module8; crypto_platform.module9; crypto_platform.platform; datetime; derivatives_collection_status; exchange_symbol_map; historical_provider_health; latest_predictive_classifications; latest_research_universe; module11_runs; probability_calibration_bins; probability_calibration_registry; research_asset_taxonomy; research_history_quality; research_market_daily; robust_calibrated_predictive_current; sector_market_snapshot; sklearn.isotonic; sklearn.linear_model; typing
11,crypto_platform/module11.py,auditability,18,run_id,__init__; apply_calibrator; backfill_history; binance_history; build_symbol_map; calculate_quality; classify_taxonomy; coinbase_history; collect_derivatives; existing_latest_date; fit_calibrator; get_json; kraken_history; probability_rows; provider_symbols; robust_calibration; run; run_module11; sector_snapshot; signal_from_score; upsert; utcnow,__future__; _m11_stage; crypto_platform.module10; crypto_platform.module2; crypto_platform.module3; crypto_platform.module5; crypto_platform.module6; crypto_platform.module7; crypto_platform.module8; crypto_platform.module9; crypto_platform.platform; datetime; derivatives_collection_status; exchange_symbol_map; historical_provider_health; latest_predictive_classifications; latest_research_universe; module11_runs; probability_calibration_bins; probability_calibration_registry; research_asset_taxonomy; research_history_quality; research_market_daily; robust_calibrated_predictive_current; sector_market_snapshot; sklearn.isotonic; sklearn.linear_model; typing
11,crypto_platform/module11.py,promotion_guardrails,5,promoted; promotion,__init__; apply_calibrator; backfill_history; binance_history; build_symbol_map; calculate_quality; classify_taxonomy; coinbase_history; collect_derivatives; existing_latest_date; fit_calibrator; get_json; kraken_history; probability_rows; provider_symbols; robust_calibration; run; run_module11; sector_snapshot; signal_from_score; upsert; utcnow,__future__; _m11_stage; crypto_platform.module10; crypto_platform.module2; crypto_platform.module3; crypto_platform.module5; crypto_platform.module6; crypto_platform.module7; crypto_platform.module8; crypto_platform.module9; crypto_platform.platform; datetime; derivatives_collection_status; exchange_symbol_map; historical_provider_health; latest_predictive_classifications; latest_research_universe; module11_runs; probability_calibration_bins; probability_calibration_registry; research_asset_taxonomy; research_history_quality; research_market_daily; robust_calibrated_predictive_current; sector_market_snapshot; sklearn.isotonic; sklearn.linear_model; typing
12,crypto_platform/module12.py,auditability,41,audit; run_id,__init__; audit_and_rebuild; clean_history; collect_derivatives; collect_exchange_metadata; fetch_binance; fetch_coinbase; fetch_coingecko; fetch_kraken; get_json; history_count; normalize_symbol; remove_excluded; repair_history; run; run_module12; summary; symbol_equivalent; upsert; utcnow,__future__; _stage; crypto_platform.module10; crypto_platform.module11; crypto_platform.module2; crypto_platform.module3; crypto_platform.module5; crypto_platform.module6; crypto_platform.module7; crypto_platform.module8; crypto_platform.module9; crypto_platform.platform; data_integrity_summary; datetime; derivatives_collection_status; exchange_metadata_assets; exchange_metadata_markets; history_integrity_audit; latest_history_integrity_audit; latest_research_universe; latest_symbol_map; module12_runs; research_market_daily; research_universe; symbol_mapping_audit; typing
13,crypto_platform/module13.py,drawdown_analysis,8,drawdown; max_drawdown,__init__; build_structure; collect_derivatives; histories; pct_return; portfolio; rating; recommendations; run; run_module13; score_inverse; score_linear; upsert; utcnow,__future__; _m13_stage; crypto_platform.module10; crypto_platform.module11; crypto_platform.module12; crypto_platform.module2; crypto_platform.module3; crypto_platform.module5; crypto_platform.module6; crypto_platform.module7; crypto_platform.module8; crypto_platform.module9; crypto_platform.platform; datetime; derivatives_open_interest; derivatives_signal_current; investment_recommendations; latest_derivatives_funding; latest_research_universe; market_structure_daily; module13_runs; portfolio_recommendation; research_asset_taxonomy; research_market_daily; typing
13,crypto_platform/module13.py,risk_adjusted_metrics,22,calmar; sharpe; sortino; volatility,__init__; build_structure; collect_derivatives; histories; pct_return; portfolio; rating; recommendations; run; run_module13; score_inverse; score_linear; upsert; utcnow,__future__; _m13_stage; crypto_platform.module10; crypto_platform.module11; crypto_platform.module12; crypto_platform.module2; crypto_platform.module3; crypto_platform.module5; crypto_platform.module6; crypto_platform.module7; crypto_platform.module8; crypto_platform.module9; crypto_platform.platform; datetime; derivatives_open_interest; derivatives_signal_current; investment_recommendations; latest_derivatives_funding; latest_research_universe; market_structure_daily; module13_runs; portfolio_recommendation; research_asset_taxonomy; research_market_daily; typing
13,crypto_platform/module13.py,auditability,36,run_id,__init__; build_structure; collect_derivatives; histories; pct_return; portfolio; rating; recommendations; run; run_module13; score_inverse; score_linear; upsert; utcnow,__future__; _m13_stage; crypto_platform.module10; crypto_platform.module11; crypto_platform.module12; crypto_platform.module2; crypto_platform.module3; crypto_platform.module5; crypto_platform.module6; crypto_platform.module7; crypto_platform.module8; crypto_platform.module9; crypto_platform.platform; datetime; derivatives_open_interest; derivatives_signal_current; investment_recommendations; latest_derivatives_funding; latest_research_universe; market_structure_daily; module13_runs; portfolio_recommendation; research_asset_taxonomy; research_market_daily; typing
13,crypto_platform/module13.py,universal_contract,17,recommendations,__init__; build_structure; collect_derivatives; histories; pct_return; portfolio; rating; recommendations; run; run_module13; score_inverse; score_linear; upsert; utcnow,__future__; _m13_stage; crypto_platform.module10; crypto_platform.module11; crypto_platform.module12; crypto_platform.module2; crypto_platform.module3; crypto_platform.module5; crypto_platform.module6; crypto_platform.module7; crypto_platform.module8; crypto_platform.module9; crypto_platform.platform; datetime; derivatives_open_interest; derivatives_signal_current; investment_recommendations; latest_derivatives_funding; latest_research_universe; market_structure_daily; module13_runs; portfolio_recommendation; research_asset_taxonomy; research_market_daily; typing
14,crypto_platform/module14.py,benchmark_comparison,58,benchmark,__init__; allocate; backtest_portfolio; forward_return; histories; period_return; rating; rebalance_dates; run; run_module14; safe_spearman; score_at; score_inverse; score_linear; upsert; utcnow; validate_scores,__future__; _m14_stage; canonical_market_daily; crypto_platform.module10; crypto_platform.module11; crypto_platform.module12; crypto_platform.module13; crypto_platform.module2; crypto_platform.module3; crypto_platform.module5; crypto_platform.module6; crypto_platform.module7; crypto_platform.module8; crypto_platform.module9; crypto_platform.platform; datetime; historical_score_validation; module14_runs; portfolio_backtest_periods; portfolio_backtest_summary; portfolio_regime_validation; score_validation_summary; typing
14,crypto_platform/module14.py,transaction_costs,11,transaction_cost,__init__; allocate; backtest_portfolio; forward_return; histories; period_return; rating; rebalance_dates; run; run_module14; safe_spearman; score_at; score_inverse; score_linear; upsert; utcnow; validate_scores,__future__; _m14_stage; canonical_market_daily; crypto_platform.module10; crypto_platform.module11; crypto_platform.module12; crypto_platform.module13; crypto_platform.module2; crypto_platform.module3; crypto_platform.module5; crypto_platform.module6; crypto_platform.module7; crypto_platform.module8; crypto_platform.module9; crypto_platform.platform; datetime; historical_score_validation; module14_runs; portfolio_backtest_periods; portfolio_backtest_summary; portfolio_regime_validation; score_validation_summary; typing
14,crypto_platform/module14.py,drawdown_analysis,36,drawdown; max_drawdown; maximum_drawdown,__init__; allocate; backtest_portfolio; forward_return; histories; period_return; rating; rebalance_dates; run; run_module14; safe_spearman; score_at; score_inverse; score_linear; upsert; utcnow; validate_scores,__future__; _m14_stage; canonical_market_daily; crypto_platform.module10; crypto_platform.module11; crypto_platform.module12; crypto_platform.module13; crypto_platform.module2; crypto_platform.module3; crypto_platform.module5; crypto_platform.module6; crypto_platform.module7; crypto_platform.module8; crypto_platform.module9; crypto_platform.platform; datetime; historical_score_validation; module14_runs; portfolio_backtest_periods; portfolio_backtest_summary; portfolio_regime_validation; score_validation_summary; typing
14,crypto_platform/module14.py,risk_adjusted_metrics,33,calmar; information_ratio; sharpe; sortino; volatility,__init__; allocate; backtest_portfolio; forward_return; histories; period_return; rating; rebalance_dates; run; run_module14; safe_spearman; score_at; score_inverse; score_linear; upsert; utcnow; validate_scores,__future__; _m14_stage; canonical_market_daily; crypto_platform.module10; crypto_platform.module11; crypto_platform.module12; crypto_platform.module13; crypto_platform.module2; crypto_platform.module3; crypto_platform.module5; crypto_platform.module6; crypto_platform.module7; crypto_platform.module8; crypto_platform.module9; crypto_platform.platform; datetime; historical_score_validation; module14_runs; portfolio_backtest_periods; portfolio_backtest_summary; portfolio_regime_validation; score_validation_summary; typing
14,crypto_platform/module14.py,regime_validation,21,regime; sideways,__init__; allocate; backtest_portfolio; forward_return; histories; period_return; rating; rebalance_dates; run; run_module14; safe_spearman; score_at; score_inverse; score_linear; upsert; utcnow; validate_scores,__future__; _m14_stage; canonical_market_daily; crypto_platform.module10; crypto_platform.module11; crypto_platform.module12; crypto_platform.module13; crypto_platform.module2; crypto_platform.module3; crypto_platform.module5; crypto_platform.module6; crypto_platform.module7; crypto_platform.module8; crypto_platform.module9; crypto_platform.platform; datetime; historical_score_validation; module14_runs; portfolio_backtest_periods; portfolio_backtest_summary; portfolio_regime_validation; score_validation_summary; typing
14,crypto_platform/module14.py,auditability,39,run_id,__init__; allocate; backtest_portfolio; forward_return; histories; period_return; rating; rebalance_dates; run; run_module14; safe_spearman; score_at; score_inverse; score_linear; upsert; utcnow; validate_scores,__future__; _m14_stage; canonical_market_daily; crypto_platform.module10; crypto_platform.module11; crypto_platform.module12; crypto_platform.module13; crypto_platform.module2; crypto_platform.module3; crypto_platform.module5; crypto_platform.module6; crypto_platform.module7; crypto_platform.module8; crypto_platform.module9; crypto_platform.platform; datetime; historical_score_validation; module14_runs; portfolio_backtest_periods; portfolio_backtest_summary; portfolio_regime_validation; score_validation_summary; typing
14,crypto_platform/module14.py,promotion_guardrails,15,promoted; promotion,__init__; allocate; backtest_portfolio; forward_return; histories; period_return; rating; rebalance_dates; run; run_module14; safe_spearman; score_at; score_inverse; score_linear; upsert; utcnow; validate_scores,__future__; _m14_stage; canonical_market_daily; crypto_platform.module10; crypto_platform.module11; crypto_platform.module12; crypto_platform.module13; crypto_platform.module2; crypto_platform.module3; crypto_platform.module5; crypto_platform.module6; crypto_platform.module7; crypto_platform.module8; crypto_platform.module9; crypto_platform.platform; datetime; historical_score_validation; module14_runs; portfolio_backtest_periods; portfolio_backtest_summary; portfolio_regime_validation; score_validation_summary; typing
14,crypto_platform/module14.py,universal_contract,1,recommendations,__init__; allocate; backtest_portfolio; forward_return; histories; period_return; rating; rebalance_dates; run; run_module14; safe_spearman; score_at; score_inverse; score_linear; upsert; utcnow; validate_scores,__future__; _m14_stage; canonical_market_daily; crypto_platform.module10; crypto_platform.module11; crypto_platform.module12; crypto_platform.module13; crypto_platform.module2; crypto_platform.module3; crypto_platform.module5; crypto_platform.module6; crypto_platform.module7; crypto_platform.module8; crypto_platform.module9; crypto_platform.platform; datetime; historical_score_validation; module14_runs; portfolio_backtest_periods; portfolio_backtest_summary; portfolio_regime_validation; score_validation_summary; typing
15,crypto_platform/module15.py,walk_forward_validation,62,oos; out-of-sample; out_of_sample; walk-forward; walk_forward,__init__; aggregate_oos; allocate; annual_metrics; benchmarks; evaluate; features_at; histories; objective_score; period_asset_return; period_return; rebalance_dates; result_row; run; run_module15; score_inverse; score_linear; simulate; upsert; utcnow; variant_scores; walk_forward_windows,__future__; _m15_stage; benchmark_comparison; calibrated_strategy_recommendation; canonical_market_daily; crypto_platform.module10; crypto_platform.module11; crypto_platform.module12; crypto_platform.module13; crypto_platform.module14; crypto_platform.module2; crypto_platform.module3; crypto_platform.module5; crypto_platform.module6; crypto_platform.module7; crypto_platform.module8; crypto_platform.module9; crypto_platform.platform; datetime; module15_runs; strategy_variant_results; typing; walk_forward_selection
15,crypto_platform/module15.py,time_based_split,26,test_end; test_start; train_end; train_start,__init__; aggregate_oos; allocate; annual_metrics; benchmarks; evaluate; features_at; histories; objective_score; period_asset_return; period_return; rebalance_dates; result_row; run; run_module15; score_inverse; score_linear; simulate; upsert; utcnow; variant_scores; walk_forward_windows,__future__; _m15_stage; benchmark_comparison; calibrated_strategy_recommendation; canonical_market_daily; crypto_platform.module10; crypto_platform.module11; crypto_platform.module12; crypto_platform.module13; crypto_platform.module14; crypto_platform.module2; crypto_platform.module3; crypto_platform.module5; crypto_platform.module6; crypto_platform.module7; crypto_platform.module8; crypto_platform.module9; crypto_platform.platform; datetime; module15_runs; strategy_variant_results; typing; walk_forward_selection
15,crypto_platform/module15.py,benchmark_comparison,44,benchmark; equal_weight,__init__; aggregate_oos; allocate; annual_metrics; benchmarks; evaluate; features_at; histories; objective_score; period_asset_return; period_return; rebalance_dates; result_row; run; run_module15; score_inverse; score_linear; simulate; upsert; utcnow; variant_scores; walk_forward_windows,__future__; _m15_stage; benchmark_comparison; calibrated_strategy_recommendation; canonical_market_daily; crypto_platform.module10; crypto_platform.module11; crypto_platform.module12; crypto_platform.module13; crypto_platform.module14; crypto_platform.module2; crypto_platform.module3; crypto_platform.module5; crypto_platform.module6; crypto_platform.module7; crypto_platform.module8; crypto_platform.module9; crypto_platform.platform; datetime; module15_runs; strategy_variant_results; typing; walk_forward_selection
15,crypto_platform/module15.py,transaction_costs,10,transaction_cost,__init__; aggregate_oos; allocate; annual_metrics; benchmarks; evaluate; features_at; histories; objective_score; period_asset_return; period_return; rebalance_dates; result_row; run; run_module15; score_inverse; score_linear; simulate; upsert; utcnow; variant_scores; walk_forward_windows,__future__; _m15_stage; benchmark_comparison; calibrated_strategy_recommendation; canonical_market_daily; crypto_platform.module10; crypto_platform.module11; crypto_platform.module12; crypto_platform.module13; crypto_platform.module14; crypto_platform.module2; crypto_platform.module3; crypto_platform.module5; crypto_platform.module6; crypto_platform.module7; crypto_platform.module8; crypto_platform.module9; crypto_platform.platform; datetime; module15_runs; strategy_variant_results; typing; walk_forward_selection
15,crypto_platform/module15.py,drawdown_analysis,69,drawdown; max_drawdown; maximum_drawdown,__init__; aggregate_oos; allocate; annual_metrics; benchmarks; evaluate; features_at; histories; objective_score; period_asset_return; period_return; rebalance_dates; result_row; run; run_module15; score_inverse; score_linear; simulate; upsert; utcnow; variant_scores; walk_forward_windows,__future__; _m15_stage; benchmark_comparison; calibrated_strategy_recommendation; canonical_market_daily; crypto_platform.module10; crypto_platform.module11; crypto_platform.module12; crypto_platform.module13; crypto_platform.module14; crypto_platform.module2; crypto_platform.module3; crypto_platform.module5; crypto_platform.module6; crypto_platform.module7; crypto_platform.module8; crypto_platform.module9; crypto_platform.platform; datetime; module15_runs; strategy_variant_results; typing; walk_forward_selection
15,crypto_platform/module15.py,risk_adjusted_metrics,75,calmar; information_ratio; sharpe; sortino; volatility,__init__; aggregate_oos; allocate; annual_metrics; benchmarks; evaluate; features_at; histories; objective_score; period_asset_return; period_return; rebalance_dates; result_row; run; run_module15; score_inverse; score_linear; simulate; upsert; utcnow; variant_scores; walk_forward_windows,__future__; _m15_stage; benchmark_comparison; calibrated_strategy_recommendation; canonical_market_daily; crypto_platform.module10; crypto_platform.module11; crypto_platform.module12; crypto_platform.module13; crypto_platform.module14; crypto_platform.module2; crypto_platform.module3; crypto_platform.module5; crypto_platform.module6; crypto_platform.module7; crypto_platform.module8; crypto_platform.module9; crypto_platform.platform; datetime; module15_runs; strategy_variant_results; typing; walk_forward_selection
15,crypto_platform/module15.py,sensitivity_testing,4,sensitivity,__init__; aggregate_oos; allocate; annual_metrics; benchmarks; evaluate; features_at; histories; objective_score; period_asset_return; period_return; rebalance_dates; result_row; run; run_module15; score_inverse; score_linear; simulate; upsert; utcnow; variant_scores; walk_forward_windows,__future__; _m15_stage; benchmark_comparison; calibrated_strategy_recommendation; canonical_market_daily; crypto_platform.module10; crypto_platform.module11; crypto_platform.module12; crypto_platform.module13; crypto_platform.module14; crypto_platform.module2; crypto_platform.module3; crypto_platform.module5; crypto_platform.module6; crypto_platform.module7; crypto_platform.module8; crypto_platform.module9; crypto_platform.platform; datetime; module15_runs; strategy_variant_results; typing; walk_forward_selection
15,crypto_platform/module15.py,auditability,33,run_id,__init__; aggregate_oos; allocate; annual_metrics; benchmarks; evaluate; features_at; histories; objective_score; period_asset_return; period_return; rebalance_dates; result_row; run; run_module15; score_inverse; score_linear; simulate; upsert; utcnow; variant_scores; walk_forward_windows,__future__; _m15_stage; benchmark_comparison; calibrated_strategy_recommendation; canonical_market_daily; crypto_platform.module10; crypto_platform.module11; crypto_platform.module12; crypto_platform.module13; crypto_platform.module14; crypto_platform.module2; crypto_platform.module3; crypto_platform.module5; crypto_platform.module6; crypto_platform.module7; crypto_platform.module8; crypto_platform.module9; crypto_platform.platform; datetime; module15_runs; strategy_variant_results; typing; walk_forward_selection
15,crypto_platform/module15.py,promotion_guardrails,10,promoted; promotion,__init__; aggregate_oos; allocate; annual_metrics; benchmarks; evaluate; features_at; histories; objective_score; period_asset_return; period_return; rebalance_dates; result_row; run; run_module15; score_inverse; score_linear; simulate; upsert; utcnow; variant_scores; walk_forward_windows,__future__; _m15_stage; benchmark_comparison; calibrated_strategy_recommendation; canonical_market_daily; crypto_platform.module10; crypto_platform.module11; crypto_platform.module12; crypto_platform.module13; crypto_platform.module14; crypto_platform.module2; crypto_platform.module3; crypto_platform.module5; crypto_platform.module6; crypto_platform.module7; crypto_platform.module8; crypto_platform.module9; crypto_platform.platform; datetime; module15_runs; strategy_variant_results; typing; walk_forward_selection
16,crypto_platform/module16.py,walk_forward_validation,28,oos; walk-forward; walk_forward,__init__; aggregate_oos; cache_lookup; cache_metrics; cache_store; metrics_row; parameter_importance; run; run_module16; upsert; utcnow,__future__; _m16_stage; candidate_evaluation_cache; candidate_rankings; candidate_results; crypto_platform.module10; crypto_platform.module11; crypto_platform.module12; crypto_platform.module13; crypto_platform.module14; crypto_platform.module15; crypto_platform.module2; crypto_platform.module3; crypto_platform.module5; crypto_platform.module6; crypto_platform.module7; crypto_platform.module8; crypto_platform.module9; crypto_platform.optimization; crypto_platform.optimization.objective_function; crypto_platform.optimization.registry; crypto_platform.platform; datetime; optimization_history; optimization_runs; parameter_importance; strategy_candidates; typing
16,crypto_platform/module16.py,time_based_split,6,test_end; test_start; train_end; train_start,__init__; aggregate_oos; cache_lookup; cache_metrics; cache_store; metrics_row; parameter_importance; run; run_module16; upsert; utcnow,__future__; _m16_stage; candidate_evaluation_cache; candidate_rankings; candidate_results; crypto_platform.module10; crypto_platform.module11; crypto_platform.module12; crypto_platform.module13; crypto_platform.module14; crypto_platform.module15; crypto_platform.module2; crypto_platform.module3; crypto_platform.module5; crypto_platform.module6; crypto_platform.module7; crypto_platform.module8; crypto_platform.module9; crypto_platform.optimization; crypto_platform.optimization.objective_function; crypto_platform.optimization.registry; crypto_platform.platform; datetime; optimization_history; optimization_runs; parameter_importance; strategy_candidates; typing
16,crypto_platform/module16.py,benchmark_comparison,17,benchmark; equal_weight,__init__; aggregate_oos; cache_lookup; cache_metrics; cache_store; metrics_row; parameter_importance; run; run_module16; upsert; utcnow,__future__; _m16_stage; candidate_evaluation_cache; candidate_rankings; candidate_results; crypto_platform.module10; crypto_platform.module11; crypto_platform.module12; crypto_platform.module13; crypto_platform.module14; crypto_platform.module15; crypto_platform.module2; crypto_platform.module3; crypto_platform.module5; crypto_platform.module6; crypto_platform.module7; crypto_platform.module8; crypto_platform.module9; crypto_platform.optimization; crypto_platform.optimization.objective_function; crypto_platform.optimization.registry; crypto_platform.platform; datetime; optimization_history; optimization_runs; parameter_importance; strategy_candidates; typing
16,crypto_platform/module16.py,transaction_costs,8,transaction_cost,__init__; aggregate_oos; cache_lookup; cache_metrics; cache_store; metrics_row; parameter_importance; run; run_module16; upsert; utcnow,__future__; _m16_stage; candidate_evaluation_cache; candidate_rankings; candidate_results; crypto_platform.module10; crypto_platform.module11; crypto_platform.module12; crypto_platform.module13; crypto_platform.module14; crypto_platform.module15; crypto_platform.module2; crypto_platform.module3; crypto_platform.module5; crypto_platform.module6; crypto_platform.module7; crypto_platform.module8; crypto_platform.module9; crypto_platform.optimization; crypto_platform.optimization.objective_function; crypto_platform.optimization.registry; crypto_platform.platform; datetime; optimization_history; optimization_runs; parameter_importance; strategy_candidates; typing
16,crypto_platform/module16.py,drawdown_analysis,29,drawdown; maximum_drawdown,__init__; aggregate_oos; cache_lookup; cache_metrics; cache_store; metrics_row; parameter_importance; run; run_module16; upsert; utcnow,__future__; _m16_stage; candidate_evaluation_cache; candidate_rankings; candidate_results; crypto_platform.module10; crypto_platform.module11; crypto_platform.module12; crypto_platform.module13; crypto_platform.module14; crypto_platform.module15; crypto_platform.module2; crypto_platform.module3; crypto_platform.module5; crypto_platform.module6; crypto_platform.module7; crypto_platform.module8; crypto_platform.module9; crypto_platform.optimization; crypto_platform.optimization.objective_function; crypto_platform.optimization.registry; crypto_platform.platform; datetime; optimization_history; optimization_runs; parameter_importance; strategy_candidates; typing
16,crypto_platform/module16.py,risk_adjusted_metrics,33,information_ratio; sharpe; volatility,__init__; aggregate_oos; cache_lookup; cache_metrics; cache_store; metrics_row; parameter_importance; run; run_module16; upsert; utcnow,__future__; _m16_stage; candidate_evaluation_cache; candidate_rankings; candidate_results; crypto_platform.module10; crypto_platform.module11; crypto_platform.module12; crypto_platform.module13; crypto_platform.module14; crypto_platform.module15; crypto_platform.module2; crypto_platform.module3; crypto_platform.module5; crypto_platform.module6; crypto_platform.module7; crypto_platform.module8; crypto_platform.module9; crypto_platform.optimization; crypto_platform.optimization.objective_function; crypto_platform.optimization.registry; crypto_platform.platform; datetime; optimization_history; optimization_runs; parameter_importance; strategy_candidates; typing
16,crypto_platform/module16.py,deterministic_replay,3,random_seed; seed,__init__; aggregate_oos; cache_lookup; cache_metrics; cache_store; metrics_row; parameter_importance; run; run_module16; upsert; utcnow,__future__; _m16_stage; candidate_evaluation_cache; candidate_rankings; candidate_results; crypto_platform.module10; crypto_platform.module11; crypto_platform.module12; crypto_platform.module13; crypto_platform.module14; crypto_platform.module15; crypto_platform.module2; crypto_platform.module3; crypto_platform.module5; crypto_platform.module6; crypto_platform.module7; crypto_platform.module8; crypto_platform.module9; crypto_platform.optimization; crypto_platform.optimization.objective_function; crypto_platform.optimization.registry; crypto_platform.platform; datetime; optimization_history; optimization_runs; parameter_importance; strategy_candidates; typing
16,crypto_platform/module16.py,auditability,1,created_at,__init__; aggregate_oos; cache_lookup; cache_metrics; cache_store; metrics_row; parameter_importance; run; run_module16; upsert; utcnow,__future__; _m16_stage; candidate_evaluation_cache; candidate_rankings; candidate_results; crypto_platform.module10; crypto_platform.module11; crypto_platform.module12; crypto_platform.module13; crypto_platform.module14; crypto_platform.module15; crypto_platform.module2; crypto_platform.module3; crypto_platform.module5; crypto_platform.module6; crypto_platform.module7; crypto_platform.module8; crypto_platform.module9; crypto_platform.optimization; crypto_platform.optimization.objective_function; crypto_platform.optimization.registry; crypto_platform.platform; datetime; optimization_history; optimization_runs; parameter_importance; strategy_candidates; typing
16,crypto_platform/module16.py,promotion_guardrails,6,promoted; promotion,__init__; aggregate_oos; cache_lookup; cache_metrics; cache_store; metrics_row; parameter_importance; run; run_module16; upsert; utcnow,__future__; _m16_stage; candidate_evaluation_cache; candidate_rankings; candidate_results; crypto_platform.module10; crypto_platform.module11; crypto_platform.module12; crypto_platform.module13; crypto_platform.module14; crypto_platform.module15; crypto_platform.module2; crypto_platform.module3; crypto_platform.module5; crypto_platform.module6; crypto_platform.module7; crypto_platform.module8; crypto_platform.module9; crypto_platform.optimization; crypto_platform.optimization.objective_function; crypto_platform.optimization.registry; crypto_platform.platform; datetime; optimization_history; optimization_runs; parameter_importance; strategy_candidates; typing
17,crypto_platform/module17.py,auditability,21,run_id,__init__; build_features; collect_fear_greed; import_manual_etf; readiness; rolling_score; run; run_module17; safe_pct; upsert; utcnow; validate,__future__; _m17_stage; canonical_market_daily; crypto_features_daily; crypto_global_daily; crypto_platform.module10; crypto_platform.module11; crypto_platform.module12; crypto_platform.module13; crypto_platform.module14; crypto_platform.module15; crypto_platform.module16; crypto_platform.module2; crypto_platform.module3; crypto_platform.module5; crypto_platform.module6; crypto_platform.module7; crypto_platform.module8; crypto_platform.module9; crypto_platform.platform; datetime; external_feature_observations; feature_readiness; feature_validation_results; macro_observations; module17_runs; pathlib; stablecoin_supply_daily; typing
18,crypto_platform/module18.py,statistical_confidence,20,permutation,__init__; add_forward; collect_stablecoin_history; corrected_readiness; feature_frame; interactions; permutation; regime_stability; run; run_module18; upsert; utcnow,__future__; _m18; crypto_features_daily; crypto_platform.module17; crypto_platform.platform; datetime; derived; external_feature_observations; feature_interaction_validation; feature_permutation_importance; feature_readiness_v2; feature_regime_stability; latest_feature_readiness_v2; latest_feature_validation; module18_runs; sklearn.ensemble; sklearn.inspection
18,crypto_platform/module18.py,regime_validation,25,bear; bull; regime,__init__; add_forward; collect_stablecoin_history; corrected_readiness; feature_frame; interactions; permutation; regime_stability; run; run_module18; upsert; utcnow,__future__; _m18; crypto_features_daily; crypto_platform.module17; crypto_platform.platform; datetime; derived; external_feature_observations; feature_interaction_validation; feature_permutation_importance; feature_readiness_v2; feature_regime_stability; latest_feature_readiness_v2; latest_feature_validation; module18_runs; sklearn.ensemble; sklearn.inspection
18,crypto_platform/module18.py,deterministic_replay,4,random_state,__init__; add_forward; collect_stablecoin_history; corrected_readiness; feature_frame; interactions; permutation; regime_stability; run; run_module18; upsert; utcnow,__future__; _m18; crypto_features_daily; crypto_platform.module17; crypto_platform.platform; datetime; derived; external_feature_observations; feature_interaction_validation; feature_permutation_importance; feature_readiness_v2; feature_regime_stability; latest_feature_readiness_v2; latest_feature_validation; module18_runs; sklearn.ensemble; sklearn.inspection
18,crypto_platform/module18.py,auditability,33,run_id,__init__; add_forward; collect_stablecoin_history; corrected_readiness; feature_frame; interactions; permutation; regime_stability; run; run_module18; upsert; utcnow,__future__; _m18; crypto_features_daily; crypto_platform.module17; crypto_platform.platform; datetime; derived; external_feature_observations; feature_interaction_validation; feature_permutation_importance; feature_readiness_v2; feature_regime_stability; latest_feature_readiness_v2; latest_feature_validation; module18_runs; sklearn.ensemble; sklearn.inspection
19,crypto_platform/module19.py,walk_forward_validation,8,rolling_window,__init__; add_forward; build_registry; eligible_features; feature_frame; grouped_permutation; prior_registry; refresh_validation; rolling_validation; rolling_windows; run; run_module19; safe_float; source_metadata; upsert; utcnow,__future__; _m19_stage; crypto_features_daily; crypto_platform.module17; crypto_platform.module18; crypto_platform.platform; datetime; feature_registry; feature_registry_history; feature_rolling_validation; feature_validation_refreshed; grouped_feature_permutation_importance; latest_feature_readiness_v2; latest_feature_regime_stability; latest_feature_registry; module19_runs; sklearn.ensemble; sklearn.inspection; typing
19,crypto_platform/module19.py,time_based_split,26,test_end; test_start; train_end; train_start,__init__; add_forward; build_registry; eligible_features; feature_frame; grouped_permutation; prior_registry; refresh_validation; rolling_validation; rolling_windows; run; run_module19; safe_float; source_metadata; upsert; utcnow,__future__; _m19_stage; crypto_features_daily; crypto_platform.module17; crypto_platform.module18; crypto_platform.platform; datetime; feature_registry; feature_registry_history; feature_rolling_validation; feature_validation_refreshed; grouped_feature_permutation_importance; latest_feature_readiness_v2; latest_feature_regime_stability; latest_feature_registry; module19_runs; sklearn.ensemble; sklearn.inspection; typing
19,crypto_platform/module19.py,statistical_confidence,28,permutation,__init__; add_forward; build_registry; eligible_features; feature_frame; grouped_permutation; prior_registry; refresh_validation; rolling_validation; rolling_windows; run; run_module19; safe_float; source_metadata; upsert; utcnow,__future__; _m19_stage; crypto_features_daily; crypto_platform.module17; crypto_platform.module18; crypto_platform.platform; datetime; feature_registry; feature_registry_history; feature_rolling_validation; feature_validation_refreshed; grouped_feature_permutation_importance; latest_feature_readiness_v2; latest_feature_regime_stability; latest_feature_registry; module19_runs; sklearn.ensemble; sklearn.inspection; typing
19,crypto_platform/module19.py,regime_validation,28,regime,__init__; add_forward; build_registry; eligible_features; feature_frame; grouped_permutation; prior_registry; refresh_validation; rolling_validation; rolling_windows; run; run_module19; safe_float; source_metadata; upsert; utcnow,__future__; _m19_stage; crypto_features_daily; crypto_platform.module17; crypto_platform.module18; crypto_platform.platform; datetime; feature_registry; feature_registry_history; feature_rolling_validation; feature_validation_refreshed; grouped_feature_permutation_importance; latest_feature_readiness_v2; latest_feature_regime_stability; latest_feature_registry; module19_runs; sklearn.ensemble; sklearn.inspection; typing
19,crypto_platform/module19.py,deterministic_replay,4,random_state,__init__; add_forward; build_registry; eligible_features; feature_frame; grouped_permutation; prior_registry; refresh_validation; rolling_validation; rolling_windows; run; run_module19; safe_float; source_metadata; upsert; utcnow,__future__; _m19_stage; crypto_features_daily; crypto_platform.module17; crypto_platform.module18; crypto_platform.platform; datetime; feature_registry; feature_registry_history; feature_rolling_validation; feature_validation_refreshed; grouped_feature_permutation_importance; latest_feature_readiness_v2; latest_feature_regime_stability; latest_feature_registry; module19_runs; sklearn.ensemble; sklearn.inspection; typing
19,crypto_platform/module19.py,auditability,38,run_id,__init__; add_forward; build_registry; eligible_features; feature_frame; grouped_permutation; prior_registry; refresh_validation; rolling_validation; rolling_windows; run; run_module19; safe_float; source_metadata; upsert; utcnow,__future__; _m19_stage; crypto_features_daily; crypto_platform.module17; crypto_platform.module18; crypto_platform.platform; datetime; feature_registry; feature_registry_history; feature_rolling_validation; feature_validation_refreshed; grouped_feature_permutation_importance; latest_feature_readiness_v2; latest_feature_regime_stability; latest_feature_registry; module19_runs; sklearn.ensemble; sklearn.inspection; typing
19,crypto_platform/module19.py,promotion_guardrails,42,promoted; promotion,__init__; add_forward; build_registry; eligible_features; feature_frame; grouped_permutation; prior_registry; refresh_validation; rolling_validation; rolling_windows; run; run_module19; safe_float; source_metadata; upsert; utcnow,__future__; _m19_stage; crypto_features_daily; crypto_platform.module17; crypto_platform.module18; crypto_platform.platform; datetime; feature_registry; feature_registry_history; feature_rolling_validation; feature_validation_refreshed; grouped_feature_permutation_importance; latest_feature_readiness_v2; latest_feature_regime_stability; latest_feature_registry; module19_runs; sklearn.ensemble; sklearn.inspection; typing
20,crypto_platform/module20.py,walk_forward_validation,11,oos; out_of_sample,__init__; aging; annual_metrics; frame; model_compare; models; redundancy; run; run_module20; shadow; upsert; utcnow,__future__; _m20_stage; crypto_features_daily; crypto_platform.module17; crypto_platform.module18; crypto_platform.module19; crypto_platform.platform; datetime; feature_evidence_aging; feature_model_comparison; feature_redundancy_analysis; latest_feature_registry; latest_feature_rolling_validation; model_feature_explainability; module20_runs; shadow_portfolio_periods; shadow_portfolio_summary; sklearn.ensemble; sklearn.inspection; sklearn.metrics; typing
20,crypto_platform/module20.py,benchmark_comparison,2,benchmark,__init__; aging; annual_metrics; frame; model_compare; models; redundancy; run; run_module20; shadow; upsert; utcnow,__future__; _m20_stage; crypto_features_daily; crypto_platform.module17; crypto_platform.module18; crypto_platform.module19; crypto_platform.platform; datetime; feature_evidence_aging; feature_model_comparison; feature_redundancy_analysis; latest_feature_registry; latest_feature_rolling_validation; model_feature_explainability; module20_runs; shadow_portfolio_periods; shadow_portfolio_summary; sklearn.ensemble; sklearn.inspection; sklearn.metrics; typing
20,crypto_platform/module20.py,transaction_costs,6,transaction_cost,__init__; aging; annual_metrics; frame; model_compare; models; redundancy; run; run_module20; shadow; upsert; utcnow,__future__; _m20_stage; crypto_features_daily; crypto_platform.module17; crypto_platform.module18; crypto_platform.module19; crypto_platform.platform; datetime; feature_evidence_aging; feature_model_comparison; feature_redundancy_analysis; latest_feature_registry; latest_feature_rolling_validation; model_feature_explainability; module20_runs; shadow_portfolio_periods; shadow_portfolio_summary; sklearn.ensemble; sklearn.inspection; sklearn.metrics; typing
20,crypto_platform/module20.py,drawdown_analysis,6,drawdown; maximum_drawdown,__init__; aging; annual_metrics; frame; model_compare; models; redundancy; run; run_module20; shadow; upsert; utcnow,__future__; _m20_stage; crypto_features_daily; crypto_platform.module17; crypto_platform.module18; crypto_platform.module19; crypto_platform.platform; datetime; feature_evidence_aging; feature_model_comparison; feature_redundancy_analysis; latest_feature_registry; latest_feature_rolling_validation; model_feature_explainability; module20_runs; shadow_portfolio_periods; shadow_portfolio_summary; sklearn.ensemble; sklearn.inspection; sklearn.metrics; typing
20,crypto_platform/module20.py,risk_adjusted_metrics,7,information_ratio; sharpe; volatility,__init__; aging; annual_metrics; frame; model_compare; models; redundancy; run; run_module20; shadow; upsert; utcnow,__future__; _m20_stage; crypto_features_daily; crypto_platform.module17; crypto_platform.module18; crypto_platform.module19; crypto_platform.platform; datetime; feature_evidence_aging; feature_model_comparison; feature_redundancy_analysis; latest_feature_registry; latest_feature_rolling_validation; model_feature_explainability; module20_runs; shadow_portfolio_periods; shadow_portfolio_summary; sklearn.ensemble; sklearn.inspection; sklearn.metrics; typing
20,crypto_platform/module20.py,forecast_calibration,12,ece,__init__; aging; annual_metrics; frame; model_compare; models; redundancy; run; run_module20; shadow; upsert; utcnow,__future__; _m20_stage; crypto_features_daily; crypto_platform.module17; crypto_platform.module18; crypto_platform.module19; crypto_platform.platform; datetime; feature_evidence_aging; feature_model_comparison; feature_redundancy_analysis; latest_feature_registry; latest_feature_rolling_validation; model_feature_explainability; module20_runs; shadow_portfolio_periods; shadow_portfolio_summary; sklearn.ensemble; sklearn.inspection; sklearn.metrics; typing
20,crypto_platform/module20.py,statistical_confidence,3,permutation; resample,__init__; aging; annual_metrics; frame; model_compare; models; redundancy; run; run_module20; shadow; upsert; utcnow,__future__; _m20_stage; crypto_features_daily; crypto_platform.module17; crypto_platform.module18; crypto_platform.module19; crypto_platform.platform; datetime; feature_evidence_aging; feature_model_comparison; feature_redundancy_analysis; latest_feature_registry; latest_feature_rolling_validation; model_feature_explainability; module20_runs; shadow_portfolio_periods; shadow_portfolio_summary; sklearn.ensemble; sklearn.inspection; sklearn.metrics; typing
20,crypto_platform/module20.py,deterministic_replay,12,random_state; seed,__init__; aging; annual_metrics; frame; model_compare; models; redundancy; run; run_module20; shadow; upsert; utcnow,__future__; _m20_stage; crypto_features_daily; crypto_platform.module17; crypto_platform.module18; crypto_platform.module19; crypto_platform.platform; datetime; feature_evidence_aging; feature_model_comparison; feature_redundancy_analysis; latest_feature_registry; latest_feature_rolling_validation; model_feature_explainability; module20_runs; shadow_portfolio_periods; shadow_portfolio_summary; sklearn.ensemble; sklearn.inspection; sklearn.metrics; typing
20,crypto_platform/module20.py,auditability,44,run_id,__init__; aging; annual_metrics; frame; model_compare; models; redundancy; run; run_module20; shadow; upsert; utcnow,__future__; _m20_stage; crypto_features_daily; crypto_platform.module17; crypto_platform.module18; crypto_platform.module19; crypto_platform.platform; datetime; feature_evidence_aging; feature_model_comparison; feature_redundancy_analysis; latest_feature_registry; latest_feature_rolling_validation; model_feature_explainability; module20_runs; shadow_portfolio_periods; shadow_portfolio_summary; sklearn.ensemble; sklearn.inspection; sklearn.metrics; typing
20,crypto_platform/module20.py,promotion_guardrails,30,promoted; promotion,__init__; aging; annual_metrics; frame; model_compare; models; redundancy; run; run_module20; shadow; upsert; utcnow,__future__; _m20_stage; crypto_features_daily; crypto_platform.module17; crypto_platform.module18; crypto_platform.module19; crypto_platform.platform; datetime; feature_evidence_aging; feature_model_comparison; feature_redundancy_analysis; latest_feature_registry; latest_feature_rolling_validation; model_feature_explainability; module20_runs; shadow_portfolio_periods; shadow_portfolio_summary; sklearn.ensemble; sklearn.inspection; sklearn.metrics; typing
21,crypto_platform/module21.py,walk_forward_validation,3,oos,__init__; annual_metrics; clamp; frame; governed_features; governed_signal; make_decision; model_probabilities; regime_probabilities; risk_snapshot; rolling_zscore; run; run_module21; safe_float; shadow_backtest; sigmoid; softmax; stance; upsert; utcnow,__future__; _m21_stage; crypto_features_daily; crypto_platform.module17; crypto_platform.module18; crypto_platform.module19; crypto_platform.module20; crypto_platform.platform; datetime; decision_model_quality; decision_shadow_periods; decision_shadow_summary; investment_decision_rationale; investment_decisions; investment_probabilities; investment_risk_snapshot; latest_feature_evidence_aging; latest_feature_registry; market_regime_probabilities; module21_runs; sklearn.ensemble; sklearn.metrics; typing
21,crypto_platform/module21.py,benchmark_comparison,4,benchmark,__init__; annual_metrics; clamp; frame; governed_features; governed_signal; make_decision; model_probabilities; regime_probabilities; risk_snapshot; rolling_zscore; run; run_module21; safe_float; shadow_backtest; sigmoid; softmax; stance; upsert; utcnow,__future__; _m21_stage; crypto_features_daily; crypto_platform.module17; crypto_platform.module18; crypto_platform.module19; crypto_platform.module20; crypto_platform.platform; datetime; decision_model_quality; decision_shadow_periods; decision_shadow_summary; investment_decision_rationale; investment_decisions; investment_probabilities; investment_risk_snapshot; latest_feature_evidence_aging; latest_feature_registry; market_regime_probabilities; module21_runs; sklearn.ensemble; sklearn.metrics; typing
21,crypto_platform/module21.py,transaction_costs,8,transaction_cost,__init__; annual_metrics; clamp; frame; governed_features; governed_signal; make_decision; model_probabilities; regime_probabilities; risk_snapshot; rolling_zscore; run; run_module21; safe_float; shadow_backtest; sigmoid; softmax; stance; upsert; utcnow,__future__; _m21_stage; crypto_features_daily; crypto_platform.module17; crypto_platform.module18; crypto_platform.module19; crypto_platform.module20; crypto_platform.platform; datetime; decision_model_quality; decision_shadow_periods; decision_shadow_summary; investment_decision_rationale; investment_decisions; investment_probabilities; investment_risk_snapshot; latest_feature_evidence_aging; latest_feature_registry; market_regime_probabilities; module21_runs; sklearn.ensemble; sklearn.metrics; typing
21,crypto_platform/module21.py,drawdown_analysis,47,drawdown; max_drawdown; maximum_drawdown,__init__; annual_metrics; clamp; frame; governed_features; governed_signal; make_decision; model_probabilities; regime_probabilities; risk_snapshot; rolling_zscore; run; run_module21; safe_float; shadow_backtest; sigmoid; softmax; stance; upsert; utcnow,__future__; _m21_stage; crypto_features_daily; crypto_platform.module17; crypto_platform.module18; crypto_platform.module19; crypto_platform.module20; crypto_platform.platform; datetime; decision_model_quality; decision_shadow_periods; decision_shadow_summary; investment_decision_rationale; investment_decisions; investment_probabilities; investment_risk_snapshot; latest_feature_evidence_aging; latest_feature_registry; market_regime_probabilities; module21_runs; sklearn.ensemble; sklearn.metrics; typing
21,crypto_platform/module21.py,risk_adjusted_metrics,25,information_ratio; sharpe; volatility,__init__; annual_metrics; clamp; frame; governed_features; governed_signal; make_decision; model_probabilities; regime_probabilities; risk_snapshot; rolling_zscore; run; run_module21; safe_float; shadow_backtest; sigmoid; softmax; stance; upsert; utcnow,__future__; _m21_stage; crypto_features_daily; crypto_platform.module17; crypto_platform.module18; crypto_platform.module19; crypto_platform.module20; crypto_platform.platform; datetime; decision_model_quality; decision_shadow_periods; decision_shadow_summary; investment_decision_rationale; investment_decisions; investment_probabilities; investment_risk_snapshot; latest_feature_evidence_aging; latest_feature_registry; market_regime_probabilities; module21_runs; sklearn.ensemble; sklearn.metrics; typing
21,crypto_platform/module21.py,forecast_calibration,13,brier; ece,__init__; annual_metrics; clamp; frame; governed_features; governed_signal; make_decision; model_probabilities; regime_probabilities; risk_snapshot; rolling_zscore; run; run_module21; safe_float; shadow_backtest; sigmoid; softmax; stance; upsert; utcnow,__future__; _m21_stage; crypto_features_daily; crypto_platform.module17; crypto_platform.module18; crypto_platform.module19; crypto_platform.module20; crypto_platform.platform; datetime; decision_model_quality; decision_shadow_periods; decision_shadow_summary; investment_decision_rationale; investment_decisions; investment_probabilities; investment_risk_snapshot; latest_feature_evidence_aging; latest_feature_registry; market_regime_probabilities; module21_runs; sklearn.ensemble; sklearn.metrics; typing
21,crypto_platform/module21.py,regime_validation,51,bear; bull; regime; sideways,__init__; annual_metrics; clamp; frame; governed_features; governed_signal; make_decision; model_probabilities; regime_probabilities; risk_snapshot; rolling_zscore; run; run_module21; safe_float; shadow_backtest; sigmoid; softmax; stance; upsert; utcnow,__future__; _m21_stage; crypto_features_daily; crypto_platform.module17; crypto_platform.module18; crypto_platform.module19; crypto_platform.module20; crypto_platform.platform; datetime; decision_model_quality; decision_shadow_periods; decision_shadow_summary; investment_decision_rationale; investment_decisions; investment_probabilities; investment_risk_snapshot; latest_feature_evidence_aging; latest_feature_registry; market_regime_probabilities; module21_runs; sklearn.ensemble; sklearn.metrics; typing
21,crypto_platform/module21.py,deterministic_replay,2,random_state,__init__; annual_metrics; clamp; frame; governed_features; governed_signal; make_decision; model_probabilities; regime_probabilities; risk_snapshot; rolling_zscore; run; run_module21; safe_float; shadow_backtest; sigmoid; softmax; stance; upsert; utcnow,__future__; _m21_stage; crypto_features_daily; crypto_platform.module17; crypto_platform.module18; crypto_platform.module19; crypto_platform.module20; crypto_platform.platform; datetime; decision_model_quality; decision_shadow_periods; decision_shadow_summary; investment_decision_rationale; investment_decisions; investment_probabilities; investment_risk_snapshot; latest_feature_evidence_aging; latest_feature_registry; market_regime_probabilities; module21_runs; sklearn.ensemble; sklearn.metrics; typing
21,crypto_platform/module21.py,auditability,56,run_id,__init__; annual_metrics; clamp; frame; governed_features; governed_signal; make_decision; model_probabilities; regime_probabilities; risk_snapshot; rolling_zscore; run; run_module21; safe_float; shadow_backtest; sigmoid; softmax; stance; upsert; utcnow,__future__; _m21_stage; crypto_features_daily; crypto_platform.module17; crypto_platform.module18; crypto_platform.module19; crypto_platform.module20; crypto_platform.platform; datetime; decision_model_quality; decision_shadow_periods; decision_shadow_summary; investment_decision_rationale; investment_decisions; investment_probabilities; investment_risk_snapshot; latest_feature_evidence_aging; latest_feature_registry; market_regime_probabilities; module21_runs; sklearn.ensemble; sklearn.metrics; typing
21,crypto_platform/module21.py,promotion_guardrails,23,promoted; promotion,__init__; annual_metrics; clamp; frame; governed_features; governed_signal; make_decision; model_probabilities; regime_probabilities; risk_snapshot; rolling_zscore; run; run_module21; safe_float; shadow_backtest; sigmoid; softmax; stance; upsert; utcnow,__future__; _m21_stage; crypto_features_daily; crypto_platform.module17; crypto_platform.module18; crypto_platform.module19; crypto_platform.module20; crypto_platform.platform; datetime; decision_model_quality; decision_shadow_periods; decision_shadow_summary; investment_decision_rationale; investment_decisions; investment_probabilities; investment_risk_snapshot; latest_feature_evidence_aging; latest_feature_registry; market_regime_probabilities; module21_runs; sklearn.ensemble; sklearn.metrics; typing
22,crypto_platform/module22.py,walk_forward_validation,18,oos; walk_forward,__init__; allocation; annual_metrics; asset_scores; base_features; build_features; clamp; compare_models; current_allocation; ensemble_regime; histories; model_factories; modeling_frame; run; run_module22; safe; summarize; upsert; utcnow; walk_forward; z,__future__; _m22_stage; canonical_market_daily; crypto_features_daily; crypto_platform.module17; crypto_platform.module18; crypto_platform.module19; crypto_platform.module20; crypto_platform.module21; crypto_platform.module6; crypto_platform.platform; datetime; ensemble; ensemble_regime_daily; intelligence_features_daily; intelligence_model_comparison; intelligence_portfolio_periods; intelligence_portfolio_summary; intelligence_walk_forward_folds; latest_feature_evidence_aging; module22_runs; six_asset_allocations; sklearn.ensemble; sklearn.linear_model; sklearn.metrics; sklearn.pipeline; sklearn.preprocessing; typing
22,crypto_platform/module22.py,time_based_split,15,test_end; test_start; train_start,__init__; allocation; annual_metrics; asset_scores; base_features; build_features; clamp; compare_models; current_allocation; ensemble_regime; histories; model_factories; modeling_frame; run; run_module22; safe; summarize; upsert; utcnow; walk_forward; z,__future__; _m22_stage; canonical_market_daily; crypto_features_daily; crypto_platform.module17; crypto_platform.module18; crypto_platform.module19; crypto_platform.module20; crypto_platform.module21; crypto_platform.module6; crypto_platform.platform; datetime; ensemble; ensemble_regime_daily; intelligence_features_daily; intelligence_model_comparison; intelligence_portfolio_periods; intelligence_portfolio_summary; intelligence_walk_forward_folds; latest_feature_evidence_aging; module22_runs; six_asset_allocations; sklearn.ensemble; sklearn.linear_model; sklearn.metrics; sklearn.pipeline; sklearn.preprocessing; typing
22,crypto_platform/module22.py,benchmark_comparison,6,benchmark; equal_weight,__init__; allocation; annual_metrics; asset_scores; base_features; build_features; clamp; compare_models; current_allocation; ensemble_regime; histories; model_factories; modeling_frame; run; run_module22; safe; summarize; upsert; utcnow; walk_forward; z,__future__; _m22_stage; canonical_market_daily; crypto_features_daily; crypto_platform.module17; crypto_platform.module18; crypto_platform.module19; crypto_platform.module20; crypto_platform.module21; crypto_platform.module6; crypto_platform.platform; datetime; ensemble; ensemble_regime_daily; intelligence_features_daily; intelligence_model_comparison; intelligence_portfolio_periods; intelligence_portfolio_summary; intelligence_walk_forward_folds; latest_feature_evidence_aging; module22_runs; six_asset_allocations; sklearn.ensemble; sklearn.linear_model; sklearn.metrics; sklearn.pipeline; sklearn.preprocessing; typing
22,crypto_platform/module22.py,transaction_costs,9,transaction_cost,__init__; allocation; annual_metrics; asset_scores; base_features; build_features; clamp; compare_models; current_allocation; ensemble_regime; histories; model_factories; modeling_frame; run; run_module22; safe; summarize; upsert; utcnow; walk_forward; z,__future__; _m22_stage; canonical_market_daily; crypto_features_daily; crypto_platform.module17; crypto_platform.module18; crypto_platform.module19; crypto_platform.module20; crypto_platform.module21; crypto_platform.module6; crypto_platform.platform; datetime; ensemble; ensemble_regime_daily; intelligence_features_daily; intelligence_model_comparison; intelligence_portfolio_periods; intelligence_portfolio_summary; intelligence_walk_forward_folds; latest_feature_evidence_aging; module22_runs; six_asset_allocations; sklearn.ensemble; sklearn.linear_model; sklearn.metrics; sklearn.pipeline; sklearn.preprocessing; typing
22,crypto_platform/module22.py,drawdown_analysis,17,drawdown; maximum_drawdown,__init__; allocation; annual_metrics; asset_scores; base_features; build_features; clamp; compare_models; current_allocation; ensemble_regime; histories; model_factories; modeling_frame; run; run_module22; safe; summarize; upsert; utcnow; walk_forward; z,__future__; _m22_stage; canonical_market_daily; crypto_features_daily; crypto_platform.module17; crypto_platform.module18; crypto_platform.module19; crypto_platform.module20; crypto_platform.module21; crypto_platform.module6; crypto_platform.platform; datetime; ensemble; ensemble_regime_daily; intelligence_features_daily; intelligence_model_comparison; intelligence_portfolio_periods; intelligence_portfolio_summary; intelligence_walk_forward_folds; latest_feature_evidence_aging; module22_runs; six_asset_allocations; sklearn.ensemble; sklearn.linear_model; sklearn.metrics; sklearn.pipeline; sklearn.preprocessing; typing
22,crypto_platform/module22.py,risk_adjusted_metrics,29,information_ratio; sharpe; volatility,__init__; allocation; annual_metrics; asset_scores; base_features; build_features; clamp; compare_models; current_allocation; ensemble_regime; histories; model_factories; modeling_frame; run; run_module22; safe; summarize; upsert; utcnow; walk_forward; z,__future__; _m22_stage; canonical_market_daily; crypto_features_daily; crypto_platform.module17; crypto_platform.module18; crypto_platform.module19; crypto_platform.module20; crypto_platform.module21; crypto_platform.module6; crypto_platform.platform; datetime; ensemble; ensemble_regime_daily; intelligence_features_daily; intelligence_model_comparison; intelligence_portfolio_periods; intelligence_portfolio_summary; intelligence_walk_forward_folds; latest_feature_evidence_aging; module22_runs; six_asset_allocations; sklearn.ensemble; sklearn.linear_model; sklearn.metrics; sklearn.pipeline; sklearn.preprocessing; typing
22,crypto_platform/module22.py,forecast_calibration,7,brier,__init__; allocation; annual_metrics; asset_scores; base_features; build_features; clamp; compare_models; current_allocation; ensemble_regime; histories; model_factories; modeling_frame; run; run_module22; safe; summarize; upsert; utcnow; walk_forward; z,__future__; _m22_stage; canonical_market_daily; crypto_features_daily; crypto_platform.module17; crypto_platform.module18; crypto_platform.module19; crypto_platform.module20; crypto_platform.module21; crypto_platform.module6; crypto_platform.platform; datetime; ensemble; ensemble_regime_daily; intelligence_features_daily; intelligence_model_comparison; intelligence_portfolio_periods; intelligence_portfolio_summary; intelligence_walk_forward_folds; latest_feature_evidence_aging; module22_runs; six_asset_allocations; sklearn.ensemble; sklearn.linear_model; sklearn.metrics; sklearn.pipeline; sklearn.preprocessing; typing
22,crypto_platform/module22.py,regime_validation,69,bear; bull; regime; risk_off; sideways,__init__; allocation; annual_metrics; asset_scores; base_features; build_features; clamp; compare_models; current_allocation; ensemble_regime; histories; model_factories; modeling_frame; run; run_module22; safe; summarize; upsert; utcnow; walk_forward; z,__future__; _m22_stage; canonical_market_daily; crypto_features_daily; crypto_platform.module17; crypto_platform.module18; crypto_platform.module19; crypto_platform.module20; crypto_platform.module21; crypto_platform.module6; crypto_platform.platform; datetime; ensemble; ensemble_regime_daily; intelligence_features_daily; intelligence_model_comparison; intelligence_portfolio_periods; intelligence_portfolio_summary; intelligence_walk_forward_folds; latest_feature_evidence_aging; module22_runs; six_asset_allocations; sklearn.ensemble; sklearn.linear_model; sklearn.metrics; sklearn.pipeline; sklearn.preprocessing; typing
22,crypto_platform/module22.py,deterministic_replay,12,random_state; seed,__init__; allocation; annual_metrics; asset_scores; base_features; build_features; clamp; compare_models; current_allocation; ensemble_regime; histories; model_factories; modeling_frame; run; run_module22; safe; summarize; upsert; utcnow; walk_forward; z,__future__; _m22_stage; canonical_market_daily; crypto_features_daily; crypto_platform.module17; crypto_platform.module18; crypto_platform.module19; crypto_platform.module20; crypto_platform.module21; crypto_platform.module6; crypto_platform.platform; datetime; ensemble; ensemble_regime_daily; intelligence_features_daily; intelligence_model_comparison; intelligence_portfolio_periods; intelligence_portfolio_summary; intelligence_walk_forward_folds; latest_feature_evidence_aging; module22_runs; six_asset_allocations; sklearn.ensemble; sklearn.linear_model; sklearn.metrics; sklearn.pipeline; sklearn.preprocessing; typing
22,crypto_platform/module22.py,auditability,44,run_id,__init__; allocation; annual_metrics; asset_scores; base_features; build_features; clamp; compare_models; current_allocation; ensemble_regime; histories; model_factories; modeling_frame; run; run_module22; safe; summarize; upsert; utcnow; walk_forward; z,__future__; _m22_stage; canonical_market_daily; crypto_features_daily; crypto_platform.module17; crypto_platform.module18; crypto_platform.module19; crypto_platform.module20; crypto_platform.module21; crypto_platform.module6; crypto_platform.platform; datetime; ensemble; ensemble_regime_daily; intelligence_features_daily; intelligence_model_comparison; intelligence_portfolio_periods; intelligence_portfolio_summary; intelligence_walk_forward_folds; latest_feature_evidence_aging; module22_runs; six_asset_allocations; sklearn.ensemble; sklearn.linear_model; sklearn.metrics; sklearn.pipeline; sklearn.preprocessing; typing
22,crypto_platform/module22.py,promotion_guardrails,21,promoted; promotion,__init__; allocation; annual_metrics; asset_scores; base_features; build_features; clamp; compare_models; current_allocation; ensemble_regime; histories; model_factories; modeling_frame; run; run_module22; safe; summarize; upsert; utcnow; walk_forward; z,__future__; _m22_stage; canonical_market_daily; crypto_features_daily; crypto_platform.module17; crypto_platform.module18; crypto_platform.module19; crypto_platform.module20; crypto_platform.module21; crypto_platform.module6; crypto_platform.platform; datetime; ensemble; ensemble_regime_daily; intelligence_features_daily; intelligence_model_comparison; intelligence_portfolio_periods; intelligence_portfolio_summary; intelligence_walk_forward_folds; latest_feature_evidence_aging; module22_runs; six_asset_allocations; sklearn.ensemble; sklearn.linear_model; sklearn.metrics; sklearn.pipeline; sklearn.preprocessing; typing
22,crypto_platform/module22.py,universal_contract,1,recommendations,__init__; allocation; annual_metrics; asset_scores; base_features; build_features; clamp; compare_models; current_allocation; ensemble_regime; histories; model_factories; modeling_frame; run; run_module22; safe; summarize; upsert; utcnow; walk_forward; z,__future__; _m22_stage; canonical_market_daily; crypto_features_daily; crypto_platform.module17; crypto_platform.module18; crypto_platform.module19; crypto_platform.module20; crypto_platform.module21; crypto_platform.module6; crypto_platform.platform; datetime; ensemble; ensemble_regime_daily; intelligence_features_daily; intelligence_model_comparison; intelligence_portfolio_periods; intelligence_portfolio_summary; intelligence_walk_forward_folds; latest_feature_evidence_aging; module22_runs; six_asset_allocations; sklearn.ensemble; sklearn.linear_model; sklearn.metrics; sklearn.pipeline; sklearn.preprocessing; typing
23,crypto_platform/module23.py,benchmark_comparison,19,benchmark; equal_weight,__init__; attribution; benchmarks; bootstrap; finding; labels; metrics; now; prices; run; run_module23; sf; source_periods; summary; upsert; verify,__future__; _s; audited_backtest_summary; audited_portfolio_periods; backtest_audit_findings; benchmark_audit_summary; bootstrap_excess_audit; canonical_market_daily; crypto_platform.module22; crypto_platform.module6; crypto_platform.platform; datetime; drawdown_label_audit; intelligence_model_comparison; intelligence_portfolio_periods; intelligence_portfolio_summary; module22_runs; module23_runs; performance_attribution_audit; typing; weights
23,crypto_platform/module23.py,transaction_costs,8,transaction_cost,__init__; attribution; benchmarks; bootstrap; finding; labels; metrics; now; prices; run; run_module23; sf; source_periods; summary; upsert; verify,__future__; _s; audited_backtest_summary; audited_portfolio_periods; backtest_audit_findings; benchmark_audit_summary; bootstrap_excess_audit; canonical_market_daily; crypto_platform.module22; crypto_platform.module6; crypto_platform.platform; datetime; drawdown_label_audit; intelligence_model_comparison; intelligence_portfolio_periods; intelligence_portfolio_summary; module22_runs; module23_runs; performance_attribution_audit; typing; weights
23,crypto_platform/module23.py,drawdown_analysis,15,drawdown; maximum_drawdown,__init__; attribution; benchmarks; bootstrap; finding; labels; metrics; now; prices; run; run_module23; sf; source_periods; summary; upsert; verify,__future__; _s; audited_backtest_summary; audited_portfolio_periods; backtest_audit_findings; benchmark_audit_summary; bootstrap_excess_audit; canonical_market_daily; crypto_platform.module22; crypto_platform.module6; crypto_platform.platform; datetime; drawdown_label_audit; intelligence_model_comparison; intelligence_portfolio_periods; intelligence_portfolio_summary; module22_runs; module23_runs; performance_attribution_audit; typing; weights
23,crypto_platform/module23.py,risk_adjusted_metrics,18,information_ratio; sharpe; volatility,__init__; attribution; benchmarks; bootstrap; finding; labels; metrics; now; prices; run; run_module23; sf; source_periods; summary; upsert; verify,__future__; _s; audited_backtest_summary; audited_portfolio_periods; backtest_audit_findings; benchmark_audit_summary; bootstrap_excess_audit; canonical_market_daily; crypto_platform.module22; crypto_platform.module6; crypto_platform.platform; datetime; drawdown_label_audit; intelligence_model_comparison; intelligence_portfolio_periods; intelligence_portfolio_summary; module22_runs; module23_runs; performance_attribution_audit; typing; weights
23,crypto_platform/module23.py,forecast_calibration,4,brier,__init__; attribution; benchmarks; bootstrap; finding; labels; metrics; now; prices; run; run_module23; sf; source_periods; summary; upsert; verify,__future__; _s; audited_backtest_summary; audited_portfolio_periods; backtest_audit_findings; benchmark_audit_summary; bootstrap_excess_audit; canonical_market_daily; crypto_platform.module22; crypto_platform.module6; crypto_platform.platform; datetime; drawdown_label_audit; intelligence_model_comparison; intelligence_portfolio_periods; intelligence_portfolio_summary; module22_runs; module23_runs; performance_attribution_audit; typing; weights
23,crypto_platform/module23.py,statistical_confidence,12,bootstrap,__init__; attribution; benchmarks; bootstrap; finding; labels; metrics; now; prices; run; run_module23; sf; source_periods; summary; upsert; verify,__future__; _s; audited_backtest_summary; audited_portfolio_periods; backtest_audit_findings; benchmark_audit_summary; bootstrap_excess_audit; canonical_market_daily; crypto_platform.module22; crypto_platform.module6; crypto_platform.platform; datetime; drawdown_label_audit; intelligence_model_comparison; intelligence_portfolio_periods; intelligence_portfolio_summary; module22_runs; module23_runs; performance_attribution_audit; typing; weights
23,crypto_platform/module23.py,lookahead_protection,1,lookahead,__init__; attribution; benchmarks; bootstrap; finding; labels; metrics; now; prices; run; run_module23; sf; source_periods; summary; upsert; verify,__future__; _s; audited_backtest_summary; audited_portfolio_periods; backtest_audit_findings; benchmark_audit_summary; bootstrap_excess_audit; canonical_market_daily; crypto_platform.module22; crypto_platform.module6; crypto_platform.platform; datetime; drawdown_label_audit; intelligence_model_comparison; intelligence_portfolio_periods; intelligence_portfolio_summary; module22_runs; module23_runs; performance_attribution_audit; typing; weights
23,crypto_platform/module23.py,deterministic_replay,6,seed,__init__; attribution; benchmarks; bootstrap; finding; labels; metrics; now; prices; run; run_module23; sf; source_periods; summary; upsert; verify,__future__; _s; audited_backtest_summary; audited_portfolio_periods; backtest_audit_findings; benchmark_audit_summary; bootstrap_excess_audit; canonical_market_daily; crypto_platform.module22; crypto_platform.module6; crypto_platform.platform; datetime; drawdown_label_audit; intelligence_model_comparison; intelligence_portfolio_periods; intelligence_portfolio_summary; module22_runs; module23_runs; performance_attribution_audit; typing; weights
23,crypto_platform/module23.py,auditability,112,audit; run_id,__init__; attribution; benchmarks; bootstrap; finding; labels; metrics; now; prices; run; run_module23; sf; source_periods; summary; upsert; verify,__future__; _s; audited_backtest_summary; audited_portfolio_periods; backtest_audit_findings; benchmark_audit_summary; bootstrap_excess_audit; canonical_market_daily; crypto_platform.module22; crypto_platform.module6; crypto_platform.platform; datetime; drawdown_label_audit; intelligence_model_comparison; intelligence_portfolio_periods; intelligence_portfolio_summary; module22_runs; module23_runs; performance_attribution_audit; typing; weights
23,crypto_platform/module23.py,promotion_guardrails,14,promotion,__init__; attribution; benchmarks; bootstrap; finding; labels; metrics; now; prices; run; run_module23; sf; source_periods; summary; upsert; verify,__future__; _s; audited_backtest_summary; audited_portfolio_periods; backtest_audit_findings; benchmark_audit_summary; bootstrap_excess_audit; canonical_market_daily; crypto_platform.module22; crypto_platform.module6; crypto_platform.platform; datetime; drawdown_label_audit; intelligence_model_comparison; intelligence_portfolio_periods; intelligence_portfolio_summary; module22_runs; module23_runs; performance_attribution_audit; typing; weights
24,crypto_platform/module24.py,walk_forward_validation,14,walk-forward; walk_forward,__init__; aggregate_periods; allocate; annual_metrics; bootstrap; build_factors; clamp; context; evaluate; generate_candidates; prices; run; run_module24; safe; simulate; snapshot; summarize; upsert; utcnow; validate_labels; walk_forward; windows; zscore,__future__; _m24_stage; alpha_bootstrap_validation; alpha_candidate_registry; alpha_factor_daily; alpha_label_validation; alpha_portfolio_periods; alpha_research_summary; alpha_walk_forward_results; canonical_market_daily; crypto_features_daily; crypto_platform.module17; crypto_platform.module22; crypto_platform.module23; crypto_platform.module6; crypto_platform.platform; datetime; module24_runs; sklearn.linear_model; sklearn.metrics; sklearn.pipeline; sklearn.preprocessing; typing
24,crypto_platform/module24.py,time_based_split,19,test_end; test_start; train_end; train_start,__init__; aggregate_periods; allocate; annual_metrics; bootstrap; build_factors; clamp; context; evaluate; generate_candidates; prices; run; run_module24; safe; simulate; snapshot; summarize; upsert; utcnow; validate_labels; walk_forward; windows; zscore,__future__; _m24_stage; alpha_bootstrap_validation; alpha_candidate_registry; alpha_factor_daily; alpha_label_validation; alpha_portfolio_periods; alpha_research_summary; alpha_walk_forward_results; canonical_market_daily; crypto_features_daily; crypto_platform.module17; crypto_platform.module22; crypto_platform.module23; crypto_platform.module6; crypto_platform.platform; datetime; module24_runs; sklearn.linear_model; sklearn.metrics; sklearn.pipeline; sklearn.preprocessing; typing
24,crypto_platform/module24.py,benchmark_comparison,16,benchmark; equal_weight,__init__; aggregate_periods; allocate; annual_metrics; bootstrap; build_factors; clamp; context; evaluate; generate_candidates; prices; run; run_module24; safe; simulate; snapshot; summarize; upsert; utcnow; validate_labels; walk_forward; windows; zscore,__future__; _m24_stage; alpha_bootstrap_validation; alpha_candidate_registry; alpha_factor_daily; alpha_label_validation; alpha_portfolio_periods; alpha_research_summary; alpha_walk_forward_results; canonical_market_daily; crypto_features_daily; crypto_platform.module17; crypto_platform.module22; crypto_platform.module23; crypto_platform.module6; crypto_platform.platform; datetime; module24_runs; sklearn.linear_model; sklearn.metrics; sklearn.pipeline; sklearn.preprocessing; typing
24,crypto_platform/module24.py,transaction_costs,13,transaction_cost,__init__; aggregate_periods; allocate; annual_metrics; bootstrap; build_factors; clamp; context; evaluate; generate_candidates; prices; run; run_module24; safe; simulate; snapshot; summarize; upsert; utcnow; validate_labels; walk_forward; windows; zscore,__future__; _m24_stage; alpha_bootstrap_validation; alpha_candidate_registry; alpha_factor_daily; alpha_label_validation; alpha_portfolio_periods; alpha_research_summary; alpha_walk_forward_results; canonical_market_daily; crypto_features_daily; crypto_platform.module17; crypto_platform.module22; crypto_platform.module23; crypto_platform.module6; crypto_platform.platform; datetime; module24_runs; sklearn.linear_model; sklearn.metrics; sklearn.pipeline; sklearn.preprocessing; typing
24,crypto_platform/module24.py,drawdown_analysis,24,drawdown; max_drawdown; maximum_drawdown,__init__; aggregate_periods; allocate; annual_metrics; bootstrap; build_factors; clamp; context; evaluate; generate_candidates; prices; run; run_module24; safe; simulate; snapshot; summarize; upsert; utcnow; validate_labels; walk_forward; windows; zscore,__future__; _m24_stage; alpha_bootstrap_validation; alpha_candidate_registry; alpha_factor_daily; alpha_label_validation; alpha_portfolio_periods; alpha_research_summary; alpha_walk_forward_results; canonical_market_daily; crypto_features_daily; crypto_platform.module17; crypto_platform.module22; crypto_platform.module23; crypto_platform.module6; crypto_platform.platform; datetime; module24_runs; sklearn.linear_model; sklearn.metrics; sklearn.pipeline; sklearn.preprocessing; typing
24,crypto_platform/module24.py,risk_adjusted_metrics,43,information_ratio; sharpe; volatility,__init__; aggregate_periods; allocate; annual_metrics; bootstrap; build_factors; clamp; context; evaluate; generate_candidates; prices; run; run_module24; safe; simulate; snapshot; summarize; upsert; utcnow; validate_labels; walk_forward; windows; zscore,__future__; _m24_stage; alpha_bootstrap_validation; alpha_candidate_registry; alpha_factor_daily; alpha_label_validation; alpha_portfolio_periods; alpha_research_summary; alpha_walk_forward_results; canonical_market_daily; crypto_features_daily; crypto_platform.module17; crypto_platform.module22; crypto_platform.module23; crypto_platform.module6; crypto_platform.platform; datetime; module24_runs; sklearn.linear_model; sklearn.metrics; sklearn.pipeline; sklearn.preprocessing; typing
24,crypto_platform/module24.py,statistical_confidence,20,bootstrap,__init__; aggregate_periods; allocate; annual_metrics; bootstrap; build_factors; clamp; context; evaluate; generate_candidates; prices; run; run_module24; safe; simulate; snapshot; summarize; upsert; utcnow; validate_labels; walk_forward; windows; zscore,__future__; _m24_stage; alpha_bootstrap_validation; alpha_candidate_registry; alpha_factor_daily; alpha_label_validation; alpha_portfolio_periods; alpha_research_summary; alpha_walk_forward_results; canonical_market_daily; crypto_features_daily; crypto_platform.module17; crypto_platform.module22; crypto_platform.module23; crypto_platform.module6; crypto_platform.platform; datetime; module24_runs; sklearn.linear_model; sklearn.metrics; sklearn.pipeline; sklearn.preprocessing; typing
24,crypto_platform/module24.py,regime_validation,14,regime,__init__; aggregate_periods; allocate; annual_metrics; bootstrap; build_factors; clamp; context; evaluate; generate_candidates; prices; run; run_module24; safe; simulate; snapshot; summarize; upsert; utcnow; validate_labels; walk_forward; windows; zscore,__future__; _m24_stage; alpha_bootstrap_validation; alpha_candidate_registry; alpha_factor_daily; alpha_label_validation; alpha_portfolio_periods; alpha_research_summary; alpha_walk_forward_results; canonical_market_daily; crypto_features_daily; crypto_platform.module17; crypto_platform.module22; crypto_platform.module23; crypto_platform.module6; crypto_platform.platform; datetime; module24_runs; sklearn.linear_model; sklearn.metrics; sklearn.pipeline; sklearn.preprocessing; typing
24,crypto_platform/module24.py,sensitivity_testing,4,sensitivity,__init__; aggregate_periods; allocate; annual_metrics; bootstrap; build_factors; clamp; context; evaluate; generate_candidates; prices; run; run_module24; safe; simulate; snapshot; summarize; upsert; utcnow; validate_labels; walk_forward; windows; zscore,__future__; _m24_stage; alpha_bootstrap_validation; alpha_candidate_registry; alpha_factor_daily; alpha_label_validation; alpha_portfolio_periods; alpha_research_summary; alpha_walk_forward_results; canonical_market_daily; crypto_features_daily; crypto_platform.module17; crypto_platform.module22; crypto_platform.module23; crypto_platform.module6; crypto_platform.platform; datetime; module24_runs; sklearn.linear_model; sklearn.metrics; sklearn.pipeline; sklearn.preprocessing; typing
24,crypto_platform/module24.py,deterministic_replay,4,random_seed; random_state; seed,__init__; aggregate_periods; allocate; annual_metrics; bootstrap; build_factors; clamp; context; evaluate; generate_candidates; prices; run; run_module24; safe; simulate; snapshot; summarize; upsert; utcnow; validate_labels; walk_forward; windows; zscore,__future__; _m24_stage; alpha_bootstrap_validation; alpha_candidate_registry; alpha_factor_daily; alpha_label_validation; alpha_portfolio_periods; alpha_research_summary; alpha_walk_forward_results; canonical_market_daily; crypto_features_daily; crypto_platform.module17; crypto_platform.module22; crypto_platform.module23; crypto_platform.module6; crypto_platform.platform; datetime; module24_runs; sklearn.linear_model; sklearn.metrics; sklearn.pipeline; sklearn.preprocessing; typing
24,crypto_platform/module24.py,auditability,59,audit; run_id,__init__; aggregate_periods; allocate; annual_metrics; bootstrap; build_factors; clamp; context; evaluate; generate_candidates; prices; run; run_module24; safe; simulate; snapshot; summarize; upsert; utcnow; validate_labels; walk_forward; windows; zscore,__future__; _m24_stage; alpha_bootstrap_validation; alpha_candidate_registry; alpha_factor_daily; alpha_label_validation; alpha_portfolio_periods; alpha_research_summary; alpha_walk_forward_results; canonical_market_daily; crypto_features_daily; crypto_platform.module17; crypto_platform.module22; crypto_platform.module23; crypto_platform.module6; crypto_platform.platform; datetime; module24_runs; sklearn.linear_model; sklearn.metrics; sklearn.pipeline; sklearn.preprocessing; typing
24,crypto_platform/module24.py,promotion_guardrails,18,promotion,__init__; aggregate_periods; allocate; annual_metrics; bootstrap; build_factors; clamp; context; evaluate; generate_candidates; prices; run; run_module24; safe; simulate; snapshot; summarize; upsert; utcnow; validate_labels; walk_forward; windows; zscore,__future__; _m24_stage; alpha_bootstrap_validation; alpha_candidate_registry; alpha_factor_daily; alpha_label_validation; alpha_portfolio_periods; alpha_research_summary; alpha_walk_forward_results; canonical_market_daily; crypto_features_daily; crypto_platform.module17; crypto_platform.module22; crypto_platform.module23; crypto_platform.module6; crypto_platform.platform; datetime; module24_runs; sklearn.linear_model; sklearn.metrics; sklearn.pipeline; sklearn.preprocessing; typing
25,crypto_platform/module25.py,drawdown_analysis,10,drawdown,__init__; build_features; clamp; classify; cluster_label_map; context; contribution_text; daily_output; episodes; modeling_matrix; prices; rule_scores; run; run_module25; safe; softmax; transitions_and_durations; upsert; utcnow; validate; zscore,__future__; _m25_stage; canonical_market_daily; crypto_features_daily; crypto_platform.module17; crypto_platform.module22; crypto_platform.module24; crypto_platform.module6; crypto_platform.platform; datetime; m25_regime_contributions; m25_regime_daily; m25_regime_durations; m25_regime_features; m25_regime_probabilities; m25_regime_transitions; m25_regime_validation; module25_runs; sklearn.cluster; sklearn.mixture; sklearn.preprocessing; the; typing
25,crypto_platform/module25.py,risk_adjusted_metrics,14,volatility,__init__; build_features; clamp; classify; cluster_label_map; context; contribution_text; daily_output; episodes; modeling_matrix; prices; rule_scores; run; run_module25; safe; softmax; transitions_and_durations; upsert; utcnow; validate; zscore,__future__; _m25_stage; canonical_market_daily; crypto_features_daily; crypto_platform.module17; crypto_platform.module22; crypto_platform.module24; crypto_platform.module6; crypto_platform.platform; datetime; m25_regime_contributions; m25_regime_daily; m25_regime_durations; m25_regime_features; m25_regime_probabilities; m25_regime_transitions; m25_regime_validation; module25_runs; sklearn.cluster; sklearn.mixture; sklearn.preprocessing; the; typing
25,crypto_platform/module25.py,statistical_confidence,2,p_value,__init__; build_features; clamp; classify; cluster_label_map; context; contribution_text; daily_output; episodes; modeling_matrix; prices; rule_scores; run; run_module25; safe; softmax; transitions_and_durations; upsert; utcnow; validate; zscore,__future__; _m25_stage; canonical_market_daily; crypto_features_daily; crypto_platform.module17; crypto_platform.module22; crypto_platform.module24; crypto_platform.module6; crypto_platform.platform; datetime; m25_regime_contributions; m25_regime_daily; m25_regime_durations; m25_regime_features; m25_regime_probabilities; m25_regime_transitions; m25_regime_validation; module25_runs; sklearn.cluster; sklearn.mixture; sklearn.preprocessing; the; typing
25,crypto_platform/module25.py,regime_validation,129,bull; regime,__init__; build_features; clamp; classify; cluster_label_map; context; contribution_text; daily_output; episodes; modeling_matrix; prices; rule_scores; run; run_module25; safe; softmax; transitions_and_durations; upsert; utcnow; validate; zscore,__future__; _m25_stage; canonical_market_daily; crypto_features_daily; crypto_platform.module17; crypto_platform.module22; crypto_platform.module24; crypto_platform.module6; crypto_platform.platform; datetime; m25_regime_contributions; m25_regime_daily; m25_regime_durations; m25_regime_features; m25_regime_probabilities; m25_regime_transitions; m25_regime_validation; module25_runs; sklearn.cluster; sklearn.mixture; sklearn.preprocessing; the; typing
25,crypto_platform/module25.py,lookahead_protection,1,shift(1,__init__; build_features; clamp; classify; cluster_label_map; context; contribution_text; daily_output; episodes; modeling_matrix; prices; rule_scores; run; run_module25; safe; softmax; transitions_and_durations; upsert; utcnow; validate; zscore,__future__; _m25_stage; canonical_market_daily; crypto_features_daily; crypto_platform.module17; crypto_platform.module22; crypto_platform.module24; crypto_platform.module6; crypto_platform.platform; datetime; m25_regime_contributions; m25_regime_daily; m25_regime_durations; m25_regime_features; m25_regime_probabilities; m25_regime_transitions; m25_regime_validation; module25_runs; sklearn.cluster; sklearn.mixture; sklearn.preprocessing; the; typing
25,crypto_platform/module25.py,deterministic_replay,8,deterministic; random_state; replay,__init__; build_features; clamp; classify; cluster_label_map; context; contribution_text; daily_output; episodes; modeling_matrix; prices; rule_scores; run; run_module25; safe; softmax; transitions_and_durations; upsert; utcnow; validate; zscore,__future__; _m25_stage; canonical_market_daily; crypto_features_daily; crypto_platform.module17; crypto_platform.module22; crypto_platform.module24; crypto_platform.module6; crypto_platform.platform; datetime; m25_regime_contributions; m25_regime_daily; m25_regime_durations; m25_regime_features; m25_regime_probabilities; m25_regime_transitions; m25_regime_validation; module25_runs; sklearn.cluster; sklearn.mixture; sklearn.preprocessing; the; typing
25,crypto_platform/module25.py,auditability,51,run_id,__init__; build_features; clamp; classify; cluster_label_map; context; contribution_text; daily_output; episodes; modeling_matrix; prices; rule_scores; run; run_module25; safe; softmax; transitions_and_durations; upsert; utcnow; validate; zscore,__future__; _m25_stage; canonical_market_daily; crypto_features_daily; crypto_platform.module17; crypto_platform.module22; crypto_platform.module24; crypto_platform.module6; crypto_platform.platform; datetime; m25_regime_contributions; m25_regime_daily; m25_regime_durations; m25_regime_features; m25_regime_probabilities; m25_regime_transitions; m25_regime_validation; module25_runs; sklearn.cluster; sklearn.mixture; sklearn.preprocessing; the; typing
26,crypto_platform/module26.py,walk_forward_validation,7,walk_forward,__init__; calibration; candidate_columns; cluster_map; combine; components; feature_research; features; labels; nested; rule_scores; run; run_module26; safe; sensitivity; softmax; transition_matrix; upsert; utcnow; weight_candidates,__future__; _m26_stage; crypto_platform.module25; crypto_platform.module25_validation; crypto_platform.platform; datetime; m25_regime_features; m25_regime_probabilities; m26_ensemble_optimization; m26_feature_research; m26_nested_walk_forward; m26_probability_calibration; m26_research_summary; m26_sensitivity_results; m26_transition_matrix; module25_runs; module26_runs; sklearn.cluster; sklearn.feature_selection; sklearn.isotonic; sklearn.metrics; sklearn.mixture; sklearn.preprocessing
26,crypto_platform/module26.py,drawdown_analysis,1,drawdown,__init__; calibration; candidate_columns; cluster_map; combine; components; feature_research; features; labels; nested; rule_scores; run; run_module26; safe; sensitivity; softmax; transition_matrix; upsert; utcnow; weight_candidates,__future__; _m26_stage; crypto_platform.module25; crypto_platform.module25_validation; crypto_platform.platform; datetime; m25_regime_features; m25_regime_probabilities; m26_ensemble_optimization; m26_feature_research; m26_nested_walk_forward; m26_probability_calibration; m26_research_summary; m26_sensitivity_results; m26_transition_matrix; module25_runs; module26_runs; sklearn.cluster; sklearn.feature_selection; sklearn.isotonic; sklearn.metrics; sklearn.mixture; sklearn.preprocessing
26,crypto_platform/module26.py,risk_adjusted_metrics,1,volatility,__init__; calibration; candidate_columns; cluster_map; combine; components; feature_research; features; labels; nested; rule_scores; run; run_module26; safe; sensitivity; softmax; transition_matrix; upsert; utcnow; weight_candidates,__future__; _m26_stage; crypto_platform.module25; crypto_platform.module25_validation; crypto_platform.platform; datetime; m25_regime_features; m25_regime_probabilities; m26_ensemble_optimization; m26_feature_research; m26_nested_walk_forward; m26_probability_calibration; m26_research_summary; m26_sensitivity_results; m26_transition_matrix; module25_runs; module26_runs; sklearn.cluster; sklearn.feature_selection; sklearn.isotonic; sklearn.metrics; sklearn.mixture; sklearn.preprocessing
26,crypto_platform/module26.py,forecast_calibration,14,calibration; probability_calibration,__init__; calibration; candidate_columns; cluster_map; combine; components; feature_research; features; labels; nested; rule_scores; run; run_module26; safe; sensitivity; softmax; transition_matrix; upsert; utcnow; weight_candidates,__future__; _m26_stage; crypto_platform.module25; crypto_platform.module25_validation; crypto_platform.platform; datetime; m25_regime_features; m25_regime_probabilities; m26_ensemble_optimization; m26_feature_research; m26_nested_walk_forward; m26_probability_calibration; m26_research_summary; m26_sensitivity_results; m26_transition_matrix; module25_runs; module26_runs; sklearn.cluster; sklearn.feature_selection; sklearn.isotonic; sklearn.metrics; sklearn.mixture; sklearn.preprocessing
26,crypto_platform/module26.py,regime_validation,54,regime,__init__; calibration; candidate_columns; cluster_map; combine; components; feature_research; features; labels; nested; rule_scores; run; run_module26; safe; sensitivity; softmax; transition_matrix; upsert; utcnow; weight_candidates,__future__; _m26_stage; crypto_platform.module25; crypto_platform.module25_validation; crypto_platform.platform; datetime; m25_regime_features; m25_regime_probabilities; m26_ensemble_optimization; m26_feature_research; m26_nested_walk_forward; m26_probability_calibration; m26_research_summary; m26_sensitivity_results; m26_transition_matrix; module25_runs; module26_runs; sklearn.cluster; sklearn.feature_selection; sklearn.isotonic; sklearn.metrics; sklearn.mixture; sklearn.preprocessing
26,crypto_platform/module26.py,sensitivity_testing,17,scenario; sensitivity,__init__; calibration; candidate_columns; cluster_map; combine; components; feature_research; features; labels; nested; rule_scores; run; run_module26; safe; sensitivity; softmax; transition_matrix; upsert; utcnow; weight_candidates,__future__; _m26_stage; crypto_platform.module25; crypto_platform.module25_validation; crypto_platform.platform; datetime; m25_regime_features; m25_regime_probabilities; m26_ensemble_optimization; m26_feature_research; m26_nested_walk_forward; m26_probability_calibration; m26_research_summary; m26_sensitivity_results; m26_transition_matrix; module25_runs; module26_runs; sklearn.cluster; sklearn.feature_selection; sklearn.isotonic; sklearn.metrics; sklearn.mixture; sklearn.preprocessing
26,crypto_platform/module26.py,deterministic_replay,8,random_state; seed,__init__; calibration; candidate_columns; cluster_map; combine; components; feature_research; features; labels; nested; rule_scores; run; run_module26; safe; sensitivity; softmax; transition_matrix; upsert; utcnow; weight_candidates,__future__; _m26_stage; crypto_platform.module25; crypto_platform.module25_validation; crypto_platform.platform; datetime; m25_regime_features; m25_regime_probabilities; m26_ensemble_optimization; m26_feature_research; m26_nested_walk_forward; m26_probability_calibration; m26_research_summary; m26_sensitivity_results; m26_transition_matrix; module25_runs; module26_runs; sklearn.cluster; sklearn.feature_selection; sklearn.isotonic; sklearn.metrics; sklearn.mixture; sklearn.preprocessing
26,crypto_platform/module26.py,auditability,57,run_id,__init__; calibration; candidate_columns; cluster_map; combine; components; feature_research; features; labels; nested; rule_scores; run; run_module26; safe; sensitivity; softmax; transition_matrix; upsert; utcnow; weight_candidates,__future__; _m26_stage; crypto_platform.module25; crypto_platform.module25_validation; crypto_platform.platform; datetime; m25_regime_features; m25_regime_probabilities; m26_ensemble_optimization; m26_feature_research; m26_nested_walk_forward; m26_probability_calibration; m26_research_summary; m26_sensitivity_results; m26_transition_matrix; module25_runs; module26_runs; sklearn.cluster; sklearn.feature_selection; sklearn.isotonic; sklearn.metrics; sklearn.mixture; sklearn.preprocessing
27,crypto_platform/module27.py,walk_forward_validation,3,walk_forward,__init__; apply_candidate; base_features; build_representation; calibration_summary; candidate_set; cluster_mapping; components; emission_probability; empirical_sensitivity; evaluate_candidate; labels; model_frame; nested_run; normalize_probability; prices; regime_prototypes; rolling_beta; rule_probability; run; run_module27; safe; temperature_scale; transition_matrix; upsert; utcnow,__future__; _m27_stage; canonical_market_daily; crypto_platform.module25; crypto_platform.module26; crypto_platform.platform; datetime; m25_regime_features; m25_regime_probabilities; m27_calibration_summary; m27_empirical_sensitivity; m27_fold_summary; m27_nested_predictions; m27_random_search; m27_representation_features; m27_research_summary; module25_runs; module27_runs; sklearn.cluster; sklearn.isotonic; sklearn.mixture; sklearn.preprocessing; typing
27,crypto_platform/module27.py,benchmark_comparison,3,benchmark,__init__; apply_candidate; base_features; build_representation; calibration_summary; candidate_set; cluster_mapping; components; emission_probability; empirical_sensitivity; evaluate_candidate; labels; model_frame; nested_run; normalize_probability; prices; regime_prototypes; rolling_beta; rule_probability; run; run_module27; safe; temperature_scale; transition_matrix; upsert; utcnow,__future__; _m27_stage; canonical_market_daily; crypto_platform.module25; crypto_platform.module26; crypto_platform.platform; datetime; m25_regime_features; m25_regime_probabilities; m27_calibration_summary; m27_empirical_sensitivity; m27_fold_summary; m27_nested_predictions; m27_random_search; m27_representation_features; m27_research_summary; module25_runs; module27_runs; sklearn.cluster; sklearn.isotonic; sklearn.mixture; sklearn.preprocessing; typing
27,crypto_platform/module27.py,drawdown_analysis,7,drawdown,__init__; apply_candidate; base_features; build_representation; calibration_summary; candidate_set; cluster_mapping; components; emission_probability; empirical_sensitivity; evaluate_candidate; labels; model_frame; nested_run; normalize_probability; prices; regime_prototypes; rolling_beta; rule_probability; run; run_module27; safe; temperature_scale; transition_matrix; upsert; utcnow,__future__; _m27_stage; canonical_market_daily; crypto_platform.module25; crypto_platform.module26; crypto_platform.platform; datetime; m25_regime_features; m25_regime_probabilities; m27_calibration_summary; m27_empirical_sensitivity; m27_fold_summary; m27_nested_predictions; m27_random_search; m27_representation_features; m27_research_summary; module25_runs; module27_runs; sklearn.cluster; sklearn.isotonic; sklearn.mixture; sklearn.preprocessing; typing
27,crypto_platform/module27.py,risk_adjusted_metrics,8,volatility,__init__; apply_candidate; base_features; build_representation; calibration_summary; candidate_set; cluster_mapping; components; emission_probability; empirical_sensitivity; evaluate_candidate; labels; model_frame; nested_run; normalize_probability; prices; regime_prototypes; rolling_beta; rule_probability; run; run_module27; safe; temperature_scale; transition_matrix; upsert; utcnow,__future__; _m27_stage; canonical_market_daily; crypto_platform.module25; crypto_platform.module26; crypto_platform.platform; datetime; m25_regime_features; m25_regime_probabilities; m27_calibration_summary; m27_empirical_sensitivity; m27_fold_summary; m27_nested_predictions; m27_random_search; m27_representation_features; m27_research_summary; module25_runs; module27_runs; sklearn.cluster; sklearn.isotonic; sklearn.mixture; sklearn.preprocessing; typing
27,crypto_platform/module27.py,forecast_calibration,26,calibration,__init__; apply_candidate; base_features; build_representation; calibration_summary; candidate_set; cluster_mapping; components; emission_probability; empirical_sensitivity; evaluate_candidate; labels; model_frame; nested_run; normalize_probability; prices; regime_prototypes; rolling_beta; rule_probability; run; run_module27; safe; temperature_scale; transition_matrix; upsert; utcnow,__future__; _m27_stage; canonical_market_daily; crypto_platform.module25; crypto_platform.module26; crypto_platform.platform; datetime; m25_regime_features; m25_regime_probabilities; m27_calibration_summary; m27_empirical_sensitivity; m27_fold_summary; m27_nested_predictions; m27_random_search; m27_representation_features; m27_research_summary; module25_runs; module27_runs; sklearn.cluster; sklearn.isotonic; sklearn.mixture; sklearn.preprocessing; typing
27,crypto_platform/module27.py,regime_validation,58,regime; risk_off; risk_on,__init__; apply_candidate; base_features; build_representation; calibration_summary; candidate_set; cluster_mapping; components; emission_probability; empirical_sensitivity; evaluate_candidate; labels; model_frame; nested_run; normalize_probability; prices; regime_prototypes; rolling_beta; rule_probability; run; run_module27; safe; temperature_scale; transition_matrix; upsert; utcnow,__future__; _m27_stage; canonical_market_daily; crypto_platform.module25; crypto_platform.module26; crypto_platform.platform; datetime; m25_regime_features; m25_regime_probabilities; m27_calibration_summary; m27_empirical_sensitivity; m27_fold_summary; m27_nested_predictions; m27_random_search; m27_representation_features; m27_research_summary; module25_runs; module27_runs; sklearn.cluster; sklearn.isotonic; sklearn.mixture; sklearn.preprocessing; typing
27,crypto_platform/module27.py,sensitivity_testing,24,scenario; sensitivity,__init__; apply_candidate; base_features; build_representation; calibration_summary; candidate_set; cluster_mapping; components; emission_probability; empirical_sensitivity; evaluate_candidate; labels; model_frame; nested_run; normalize_probability; prices; regime_prototypes; rolling_beta; rule_probability; run; run_module27; safe; temperature_scale; transition_matrix; upsert; utcnow,__future__; _m27_stage; canonical_market_daily; crypto_platform.module25; crypto_platform.module26; crypto_platform.platform; datetime; m25_regime_features; m25_regime_probabilities; m27_calibration_summary; m27_empirical_sensitivity; m27_fold_summary; m27_nested_predictions; m27_random_search; m27_representation_features; m27_research_summary; module25_runs; module27_runs; sklearn.cluster; sklearn.isotonic; sklearn.mixture; sklearn.preprocessing; typing
27,crypto_platform/module27.py,deterministic_replay,7,random_state; seed,__init__; apply_candidate; base_features; build_representation; calibration_summary; candidate_set; cluster_mapping; components; emission_probability; empirical_sensitivity; evaluate_candidate; labels; model_frame; nested_run; normalize_probability; prices; regime_prototypes; rolling_beta; rule_probability; run; run_module27; safe; temperature_scale; transition_matrix; upsert; utcnow,__future__; _m27_stage; canonical_market_daily; crypto_platform.module25; crypto_platform.module26; crypto_platform.platform; datetime; m25_regime_features; m25_regime_probabilities; m27_calibration_summary; m27_empirical_sensitivity; m27_fold_summary; m27_nested_predictions; m27_random_search; m27_representation_features; m27_research_summary; module25_runs; module27_runs; sklearn.cluster; sklearn.isotonic; sklearn.mixture; sklearn.preprocessing; typing
27,crypto_platform/module27.py,auditability,56,run_id,__init__; apply_candidate; base_features; build_representation; calibration_summary; candidate_set; cluster_mapping; components; emission_probability; empirical_sensitivity; evaluate_candidate; labels; model_frame; nested_run; normalize_probability; prices; regime_prototypes; rolling_beta; rule_probability; run; run_module27; safe; temperature_scale; transition_matrix; upsert; utcnow,__future__; _m27_stage; canonical_market_daily; crypto_platform.module25; crypto_platform.module26; crypto_platform.platform; datetime; m25_regime_features; m25_regime_probabilities; m27_calibration_summary; m27_empirical_sensitivity; m27_fold_summary; m27_nested_predictions; m27_random_search; m27_representation_features; m27_research_summary; module25_runs; module27_runs; sklearn.cluster; sklearn.isotonic; sklearn.mixture; sklearn.preprocessing; typing
28,crypto_platform/module28.py,walk_forward_validation,3,walk_forward,__init__; adaptive_search; apply_calibrator; apply_candidate; calibrators; cluster_map; components; data; emission; evaluate; feature_selection; initial_candidates; mutate_candidates; nested_run; normalize_probability; prototypes; robustness; rule_probability; run; run_module28; safe; temperature_scale; transition_matrix; upsert; utcnow,__future__; _m28_stage; crypto_platform.module25; crypto_platform.module27; crypto_platform.platform; datetime; m25_regime_features; m25_regime_probabilities; m27_representation_features; m28_adaptive_search; m28_calibration_comparison; m28_feature_selection; m28_fold_summary; m28_nested_predictions; m28_research_summary; m28_robustness_summary; module27_runs; module28_runs; sklearn.cluster; sklearn.inspection; sklearn.isotonic; sklearn.linear_model; sklearn.metrics; sklearn.mixture; sklearn.preprocessing; typing
28,crypto_platform/module28.py,drawdown_analysis,3,drawdown,__init__; adaptive_search; apply_calibrator; apply_candidate; calibrators; cluster_map; components; data; emission; evaluate; feature_selection; initial_candidates; mutate_candidates; nested_run; normalize_probability; prototypes; robustness; rule_probability; run; run_module28; safe; temperature_scale; transition_matrix; upsert; utcnow,__future__; _m28_stage; crypto_platform.module25; crypto_platform.module27; crypto_platform.platform; datetime; m25_regime_features; m25_regime_probabilities; m27_representation_features; m28_adaptive_search; m28_calibration_comparison; m28_feature_selection; m28_fold_summary; m28_nested_predictions; m28_research_summary; m28_robustness_summary; module27_runs; module28_runs; sklearn.cluster; sklearn.inspection; sklearn.isotonic; sklearn.linear_model; sklearn.metrics; sklearn.mixture; sklearn.preprocessing; typing
28,crypto_platform/module28.py,risk_adjusted_metrics,3,volatility,__init__; adaptive_search; apply_calibrator; apply_candidate; calibrators; cluster_map; components; data; emission; evaluate; feature_selection; initial_candidates; mutate_candidates; nested_run; normalize_probability; prototypes; robustness; rule_probability; run; run_module28; safe; temperature_scale; transition_matrix; upsert; utcnow,__future__; _m28_stage; crypto_platform.module25; crypto_platform.module27; crypto_platform.platform; datetime; m25_regime_features; m25_regime_probabilities; m27_representation_features; m28_adaptive_search; m28_calibration_comparison; m28_feature_selection; m28_fold_summary; m28_nested_predictions; m28_research_summary; m28_robustness_summary; module27_runs; module28_runs; sklearn.cluster; sklearn.inspection; sklearn.isotonic; sklearn.linear_model; sklearn.metrics; sklearn.mixture; sklearn.preprocessing; typing
28,crypto_platform/module28.py,forecast_calibration,41,brier; calibration,__init__; adaptive_search; apply_calibrator; apply_candidate; calibrators; cluster_map; components; data; emission; evaluate; feature_selection; initial_candidates; mutate_candidates; nested_run; normalize_probability; prototypes; robustness; rule_probability; run; run_module28; safe; temperature_scale; transition_matrix; upsert; utcnow,__future__; _m28_stage; crypto_platform.module25; crypto_platform.module27; crypto_platform.platform; datetime; m25_regime_features; m25_regime_probabilities; m27_representation_features; m28_adaptive_search; m28_calibration_comparison; m28_feature_selection; m28_fold_summary; m28_nested_predictions; m28_research_summary; m28_robustness_summary; module27_runs; module28_runs; sklearn.cluster; sklearn.inspection; sklearn.isotonic; sklearn.linear_model; sklearn.metrics; sklearn.mixture; sklearn.preprocessing; typing
28,crypto_platform/module28.py,statistical_confidence,5,permutation,__init__; adaptive_search; apply_calibrator; apply_candidate; calibrators; cluster_map; components; data; emission; evaluate; feature_selection; initial_candidates; mutate_candidates; nested_run; normalize_probability; prototypes; robustness; rule_probability; run; run_module28; safe; temperature_scale; transition_matrix; upsert; utcnow,__future__; _m28_stage; crypto_platform.module25; crypto_platform.module27; crypto_platform.platform; datetime; m25_regime_features; m25_regime_probabilities; m27_representation_features; m28_adaptive_search; m28_calibration_comparison; m28_feature_selection; m28_fold_summary; m28_nested_predictions; m28_research_summary; m28_robustness_summary; module27_runs; module28_runs; sklearn.cluster; sklearn.inspection; sklearn.isotonic; sklearn.linear_model; sklearn.metrics; sklearn.mixture; sklearn.preprocessing; typing
28,crypto_platform/module28.py,regime_validation,60,regime; risk_off; risk_on,__init__; adaptive_search; apply_calibrator; apply_candidate; calibrators; cluster_map; components; data; emission; evaluate; feature_selection; initial_candidates; mutate_candidates; nested_run; normalize_probability; prototypes; robustness; rule_probability; run; run_module28; safe; temperature_scale; transition_matrix; upsert; utcnow,__future__; _m28_stage; crypto_platform.module25; crypto_platform.module27; crypto_platform.platform; datetime; m25_regime_features; m25_regime_probabilities; m27_representation_features; m28_adaptive_search; m28_calibration_comparison; m28_feature_selection; m28_fold_summary; m28_nested_predictions; m28_research_summary; m28_robustness_summary; module27_runs; module28_runs; sklearn.cluster; sklearn.inspection; sklearn.isotonic; sklearn.linear_model; sklearn.metrics; sklearn.mixture; sklearn.preprocessing; typing
28,crypto_platform/module28.py,sensitivity_testing,2,scenario,__init__; adaptive_search; apply_calibrator; apply_candidate; calibrators; cluster_map; components; data; emission; evaluate; feature_selection; initial_candidates; mutate_candidates; nested_run; normalize_probability; prototypes; robustness; rule_probability; run; run_module28; safe; temperature_scale; transition_matrix; upsert; utcnow,__future__; _m28_stage; crypto_platform.module25; crypto_platform.module27; crypto_platform.platform; datetime; m25_regime_features; m25_regime_probabilities; m27_representation_features; m28_adaptive_search; m28_calibration_comparison; m28_feature_selection; m28_fold_summary; m28_nested_predictions; m28_research_summary; m28_robustness_summary; module27_runs; module28_runs; sklearn.cluster; sklearn.inspection; sklearn.isotonic; sklearn.linear_model; sklearn.metrics; sklearn.mixture; sklearn.preprocessing; typing
28,crypto_platform/module28.py,deterministic_replay,14,random_state; seed,__init__; adaptive_search; apply_calibrator; apply_candidate; calibrators; cluster_map; components; data; emission; evaluate; feature_selection; initial_candidates; mutate_candidates; nested_run; normalize_probability; prototypes; robustness; rule_probability; run; run_module28; safe; temperature_scale; transition_matrix; upsert; utcnow,__future__; _m28_stage; crypto_platform.module25; crypto_platform.module27; crypto_platform.platform; datetime; m25_regime_features; m25_regime_probabilities; m27_representation_features; m28_adaptive_search; m28_calibration_comparison; m28_feature_selection; m28_fold_summary; m28_nested_predictions; m28_research_summary; m28_robustness_summary; module27_runs; module28_runs; sklearn.cluster; sklearn.inspection; sklearn.isotonic; sklearn.linear_model; sklearn.metrics; sklearn.mixture; sklearn.preprocessing; typing
28,crypto_platform/module28.py,auditability,62,run_id,__init__; adaptive_search; apply_calibrator; apply_candidate; calibrators; cluster_map; components; data; emission; evaluate; feature_selection; initial_candidates; mutate_candidates; nested_run; normalize_probability; prototypes; robustness; rule_probability; run; run_module28; safe; temperature_scale; transition_matrix; upsert; utcnow,__future__; _m28_stage; crypto_platform.module25; crypto_platform.module27; crypto_platform.platform; datetime; m25_regime_features; m25_regime_probabilities; m27_representation_features; m28_adaptive_search; m28_calibration_comparison; m28_feature_selection; m28_fold_summary; m28_nested_predictions; m28_research_summary; m28_robustness_summary; module27_runs; module28_runs; sklearn.cluster; sklearn.inspection; sklearn.isotonic; sklearn.linear_model; sklearn.metrics; sklearn.mixture; sklearn.preprocessing; typing
29,crypto_platform/module29.py,walk_forward_validation,31,rolling_window; walk-forward; walk_forward,__init__; aggregate_registry; bootstrap_stability; classifier; data; grade; model_validation; regime_importance; rolling_importance; run; run_module29; safe; upsert; utcnow; walk_forward_importance,__future__; _m29_stage; crypto_platform.module25; crypto_platform.module27; crypto_platform.module28; crypto_platform.platform; datetime; m25_regime_features; m25_regime_probabilities; m27_representation_features; m29_bootstrap_stability; m29_feature_ablation; m29_feature_registry; m29_minimal_model_validation; m29_regime_feature_importance; m29_research_summary; m29_rolling_importance; m29_walk_forward_importance; module25_runs; module27_runs; module28_runs; module29_runs; sklearn.inspection; sklearn.linear_model; sklearn.metrics; sklearn.preprocessing; typing
29,crypto_platform/module29.py,drawdown_analysis,2,drawdown,__init__; aggregate_registry; bootstrap_stability; classifier; data; grade; model_validation; regime_importance; rolling_importance; run; run_module29; safe; upsert; utcnow; walk_forward_importance,__future__; _m29_stage; crypto_platform.module25; crypto_platform.module27; crypto_platform.module28; crypto_platform.platform; datetime; m25_regime_features; m25_regime_probabilities; m27_representation_features; m29_bootstrap_stability; m29_feature_ablation; m29_feature_registry; m29_minimal_model_validation; m29_regime_feature_importance; m29_research_summary; m29_rolling_importance; m29_walk_forward_importance; module25_runs; module27_runs; module28_runs; module29_runs; sklearn.inspection; sklearn.linear_model; sklearn.metrics; sklearn.preprocessing; typing
29,crypto_platform/module29.py,risk_adjusted_metrics,2,volatility,__init__; aggregate_registry; bootstrap_stability; classifier; data; grade; model_validation; regime_importance; rolling_importance; run; run_module29; safe; upsert; utcnow; walk_forward_importance,__future__; _m29_stage; crypto_platform.module25; crypto_platform.module27; crypto_platform.module28; crypto_platform.platform; datetime; m25_regime_features; m25_regime_probabilities; m27_representation_features; m29_bootstrap_stability; m29_feature_ablation; m29_feature_registry; m29_minimal_model_validation; m29_regime_feature_importance; m29_research_summary; m29_rolling_importance; m29_walk_forward_importance; module25_runs; module27_runs; module28_runs; module29_runs; sklearn.inspection; sklearn.linear_model; sklearn.metrics; sklearn.preprocessing; typing
29,crypto_platform/module29.py,statistical_confidence,60,bootstrap; permutation,__init__; aggregate_registry; bootstrap_stability; classifier; data; grade; model_validation; regime_importance; rolling_importance; run; run_module29; safe; upsert; utcnow; walk_forward_importance,__future__; _m29_stage; crypto_platform.module25; crypto_platform.module27; crypto_platform.module28; crypto_platform.platform; datetime; m25_regime_features; m25_regime_probabilities; m27_representation_features; m29_bootstrap_stability; m29_feature_ablation; m29_feature_registry; m29_minimal_model_validation; m29_regime_feature_importance; m29_research_summary; m29_rolling_importance; m29_walk_forward_importance; module25_runs; module27_runs; module28_runs; module29_runs; sklearn.inspection; sklearn.linear_model; sklearn.metrics; sklearn.preprocessing; typing
29,crypto_platform/module29.py,regime_validation,62,regime; risk_off; risk_on,__init__; aggregate_registry; bootstrap_stability; classifier; data; grade; model_validation; regime_importance; rolling_importance; run; run_module29; safe; upsert; utcnow; walk_forward_importance,__future__; _m29_stage; crypto_platform.module25; crypto_platform.module27; crypto_platform.module28; crypto_platform.platform; datetime; m25_regime_features; m25_regime_probabilities; m27_representation_features; m29_bootstrap_stability; m29_feature_ablation; m29_feature_registry; m29_minimal_model_validation; m29_regime_feature_importance; m29_research_summary; m29_rolling_importance; m29_walk_forward_importance; module25_runs; module27_runs; module28_runs; module29_runs; sklearn.inspection; sklearn.linear_model; sklearn.metrics; sklearn.preprocessing; typing
29,crypto_platform/module29.py,deterministic_replay,7,random_state; seed,__init__; aggregate_registry; bootstrap_stability; classifier; data; grade; model_validation; regime_importance; rolling_importance; run; run_module29; safe; upsert; utcnow; walk_forward_importance,__future__; _m29_stage; crypto_platform.module25; crypto_platform.module27; crypto_platform.module28; crypto_platform.platform; datetime; m25_regime_features; m25_regime_probabilities; m27_representation_features; m29_bootstrap_stability; m29_feature_ablation; m29_feature_registry; m29_minimal_model_validation; m29_regime_feature_importance; m29_research_summary; m29_rolling_importance; m29_walk_forward_importance; module25_runs; module27_runs; module28_runs; module29_runs; sklearn.inspection; sklearn.linear_model; sklearn.metrics; sklearn.preprocessing; typing
29,crypto_platform/module29.py,auditability,64,run_id,__init__; aggregate_registry; bootstrap_stability; classifier; data; grade; model_validation; regime_importance; rolling_importance; run; run_module29; safe; upsert; utcnow; walk_forward_importance,__future__; _m29_stage; crypto_platform.module25; crypto_platform.module27; crypto_platform.module28; crypto_platform.platform; datetime; m25_regime_features; m25_regime_probabilities; m27_representation_features; m29_bootstrap_stability; m29_feature_ablation; m29_feature_registry; m29_minimal_model_validation; m29_regime_feature_importance; m29_research_summary; m29_rolling_importance; m29_walk_forward_importance; module25_runs; module27_runs; module28_runs; module29_runs; sklearn.inspection; sklearn.linear_model; sklearn.metrics; sklearn.preprocessing; typing
30,crypto_platform/module30.py,walk_forward_validation,6,oos; walk-forward; walk_forward,__init__; confidence_level; current_model; data; run; run_module30; upsert; utcnow; walk_forward,__future__; _m30_stage; clean_feature_contributions; clean_feature_drift; clean_legacy_benchmark; clean_model_disagreement; clean_probability_current; clean_probability_history; clean_regime_current; clean_regime_history; clean_validation_folds; crypto_platform.ml.calibration; crypto_platform.ml.classes; crypto_platform.ml.datasets; crypto_platform.ml.drift; crypto_platform.ml.explainability; crypto_platform.ml.models; crypto_platform.ml.registry; crypto_platform.ml.validation; crypto_platform.module25; crypto_platform.module29; crypto_platform.platform; datetime; latest_market_regime_daily; m25_regime_features; m25_regime_probabilities; m29_research_summary; module25_runs; module30_runs; sklearn.metrics; typing
30,crypto_platform/module30.py,benchmark_comparison,7,benchmark,__init__; confidence_level; current_model; data; run; run_module30; upsert; utcnow; walk_forward,__future__; _m30_stage; clean_feature_contributions; clean_feature_drift; clean_legacy_benchmark; clean_model_disagreement; clean_probability_current; clean_probability_history; clean_regime_current; clean_regime_history; clean_validation_folds; crypto_platform.ml.calibration; crypto_platform.ml.classes; crypto_platform.ml.datasets; crypto_platform.ml.drift; crypto_platform.ml.explainability; crypto_platform.ml.models; crypto_platform.ml.registry; crypto_platform.ml.validation; crypto_platform.module25; crypto_platform.module29; crypto_platform.platform; datetime; latest_market_regime_daily; m25_regime_features; m25_regime_probabilities; m29_research_summary; module25_runs; module30_runs; sklearn.metrics; typing
30,crypto_platform/module30.py,forecast_calibration,26,brier; calibration; ece,__init__; confidence_level; current_model; data; run; run_module30; upsert; utcnow; walk_forward,__future__; _m30_stage; clean_feature_contributions; clean_feature_drift; clean_legacy_benchmark; clean_model_disagreement; clean_probability_current; clean_probability_history; clean_regime_current; clean_regime_history; clean_validation_folds; crypto_platform.ml.calibration; crypto_platform.ml.classes; crypto_platform.ml.datasets; crypto_platform.ml.drift; crypto_platform.ml.explainability; crypto_platform.ml.models; crypto_platform.ml.registry; crypto_platform.ml.validation; crypto_platform.module25; crypto_platform.module29; crypto_platform.platform; datetime; latest_market_regime_daily; m25_regime_features; m25_regime_probabilities; m29_research_summary; module25_runs; module30_runs; sklearn.metrics; typing
30,crypto_platform/module30.py,regime_validation,64,regime,__init__; confidence_level; current_model; data; run; run_module30; upsert; utcnow; walk_forward,__future__; _m30_stage; clean_feature_contributions; clean_feature_drift; clean_legacy_benchmark; clean_model_disagreement; clean_probability_current; clean_probability_history; clean_regime_current; clean_regime_history; clean_validation_folds; crypto_platform.ml.calibration; crypto_platform.ml.classes; crypto_platform.ml.datasets; crypto_platform.ml.drift; crypto_platform.ml.explainability; crypto_platform.ml.models; crypto_platform.ml.registry; crypto_platform.ml.validation; crypto_platform.module25; crypto_platform.module29; crypto_platform.platform; datetime; latest_market_regime_daily; m25_regime_features; m25_regime_probabilities; m29_research_summary; module25_runs; module30_runs; sklearn.metrics; typing
30,crypto_platform/module30.py,feature_drift,11,feature_drift; psi,__init__; confidence_level; current_model; data; run; run_module30; upsert; utcnow; walk_forward,__future__; _m30_stage; clean_feature_contributions; clean_feature_drift; clean_legacy_benchmark; clean_model_disagreement; clean_probability_current; clean_probability_history; clean_regime_current; clean_regime_history; clean_validation_folds; crypto_platform.ml.calibration; crypto_platform.ml.classes; crypto_platform.ml.datasets; crypto_platform.ml.drift; crypto_platform.ml.explainability; crypto_platform.ml.models; crypto_platform.ml.registry; crypto_platform.ml.validation; crypto_platform.module25; crypto_platform.module29; crypto_platform.platform; datetime; latest_market_regime_daily; m25_regime_features; m25_regime_probabilities; m29_research_summary; module25_runs; module30_runs; sklearn.metrics; typing
30,crypto_platform/module30.py,deterministic_replay,10,random_state,__init__; confidence_level; current_model; data; run; run_module30; upsert; utcnow; walk_forward,__future__; _m30_stage; clean_feature_contributions; clean_feature_drift; clean_legacy_benchmark; clean_model_disagreement; clean_probability_current; clean_probability_history; clean_regime_current; clean_regime_history; clean_validation_folds; crypto_platform.ml.calibration; crypto_platform.ml.classes; crypto_platform.ml.datasets; crypto_platform.ml.drift; crypto_platform.ml.explainability; crypto_platform.ml.models; crypto_platform.ml.registry; crypto_platform.ml.validation; crypto_platform.module25; crypto_platform.module29; crypto_platform.platform; datetime; latest_market_regime_daily; m25_regime_features; m25_regime_probabilities; m29_research_summary; module25_runs; module30_runs; sklearn.metrics; typing
30,crypto_platform/module30.py,auditability,67,run_id,__init__; confidence_level; current_model; data; run; run_module30; upsert; utcnow; walk_forward,__future__; _m30_stage; clean_feature_contributions; clean_feature_drift; clean_legacy_benchmark; clean_model_disagreement; clean_probability_current; clean_probability_history; clean_regime_current; clean_regime_history; clean_validation_folds; crypto_platform.ml.calibration; crypto_platform.ml.classes; crypto_platform.ml.datasets; crypto_platform.ml.drift; crypto_platform.ml.explainability; crypto_platform.ml.models; crypto_platform.ml.registry; crypto_platform.ml.validation; crypto_platform.module25; crypto_platform.module29; crypto_platform.platform; datetime; latest_market_regime_daily; m25_regime_features; m25_regime_probabilities; m29_research_summary; module25_runs; module30_runs; sklearn.metrics; typing
30,crypto_platform/module30.py,promotion_guardrails,16,promotion,__init__; confidence_level; current_model; data; run; run_module30; upsert; utcnow; walk_forward,__future__; _m30_stage; clean_feature_contributions; clean_feature_drift; clean_legacy_benchmark; clean_model_disagreement; clean_probability_current; clean_probability_history; clean_regime_current; clean_regime_history; clean_validation_folds; crypto_platform.ml.calibration; crypto_platform.ml.classes; crypto_platform.ml.datasets; crypto_platform.ml.drift; crypto_platform.ml.explainability; crypto_platform.ml.models; crypto_platform.ml.registry; crypto_platform.ml.validation; crypto_platform.module25; crypto_platform.module29; crypto_platform.platform; datetime; latest_market_regime_daily; m25_regime_features; m25_regime_probabilities; m29_research_summary; module25_runs; module30_runs; sklearn.metrics; typing
31,crypto_platform/module31.py,risk_adjusted_metrics,2,information_ratio,__init__; calibrations; disagreement; feature_global; forward_returns; history; persistence; prices; run; run_module31; upsert; utcnow,__future__; _m31_stage; canonical_market_daily; clean_feature_contributions; clean_probability_history; clean_regime_history; crypto_platform.ml.classes; crypto_platform.ml.validation; crypto_platform.module30; crypto_platform.platform; datetime; m31_calibration_comparison; m31_disagreement_outcomes; m31_forward_return_validation; m31_global_feature_validation; m31_persistence_validation; m31_regime_economic_scorecard; m31_research_summary; module30_runs; module31_runs; sklearn.isotonic; sklearn.linear_model; sklearn.metrics
31,crypto_platform/module31.py,forecast_calibration,23,brier; calibration,__init__; calibrations; disagreement; feature_global; forward_returns; history; persistence; prices; run; run_module31; upsert; utcnow,__future__; _m31_stage; canonical_market_daily; clean_feature_contributions; clean_probability_history; clean_regime_history; crypto_platform.ml.classes; crypto_platform.ml.validation; crypto_platform.module30; crypto_platform.platform; datetime; m31_calibration_comparison; m31_disagreement_outcomes; m31_forward_return_validation; m31_global_feature_validation; m31_persistence_validation; m31_regime_economic_scorecard; m31_research_summary; module30_runs; module31_runs; sklearn.isotonic; sklearn.linear_model; sklearn.metrics
31,crypto_platform/module31.py,regime_validation,31,regime; risk_on,__init__; calibrations; disagreement; feature_global; forward_returns; history; persistence; prices; run; run_module31; upsert; utcnow,__future__; _m31_stage; canonical_market_daily; clean_feature_contributions; clean_probability_history; clean_regime_history; crypto_platform.ml.classes; crypto_platform.ml.validation; crypto_platform.module30; crypto_platform.platform; datetime; m31_calibration_comparison; m31_disagreement_outcomes; m31_forward_return_validation; m31_global_feature_validation; m31_persistence_validation; m31_regime_economic_scorecard; m31_research_summary; module30_runs; module31_runs; sklearn.isotonic; sklearn.linear_model; sklearn.metrics
31,crypto_platform/module31.py,deterministic_replay,1,random_state,__init__; calibrations; disagreement; feature_global; forward_returns; history; persistence; prices; run; run_module31; upsert; utcnow,__future__; _m31_stage; canonical_market_daily; clean_feature_contributions; clean_probability_history; clean_regime_history; crypto_platform.ml.classes; crypto_platform.ml.validation; crypto_platform.module30; crypto_platform.platform; datetime; m31_calibration_comparison; m31_disagreement_outcomes; m31_forward_return_validation; m31_global_feature_validation; m31_persistence_validation; m31_regime_economic_scorecard; m31_research_summary; module30_runs; module31_runs; sklearn.isotonic; sklearn.linear_model; sklearn.metrics
31,crypto_platform/module31.py,auditability,55,run_id,__init__; calibrations; disagreement; feature_global; forward_returns; history; persistence; prices; run; run_module31; upsert; utcnow,__future__; _m31_stage; canonical_market_daily; clean_feature_contributions; clean_probability_history; clean_regime_history; crypto_platform.ml.classes; crypto_platform.ml.validation; crypto_platform.module30; crypto_platform.platform; datetime; m31_calibration_comparison; m31_disagreement_outcomes; m31_forward_return_validation; m31_global_feature_validation; m31_persistence_validation; m31_regime_economic_scorecard; m31_research_summary; module30_runs; module31_runs; sklearn.isotonic; sklearn.linear_model; sklearn.metrics
32,crypto_platform/module32.py,benchmark_comparison,24,benchmark; equal_weight,__init__; benchmark; clean_history; entropy; feature_label_data; feature_stability; historical_stress; prices; probability_drift; psi; regime_frame; retraining_policies; run; run_module32; synthetic_stress; upsert; utcnow,__future__; _m32_stage; canonical_market_daily; clean_probability_history; clean_regime_history; crypto_platform.ml.classes; crypto_platform.ml.models; crypto_platform.ml.validation; crypto_platform.module25; crypto_platform.module29; crypto_platform.module30; crypto_platform.module31; crypto_platform.platform; datetime; m25_regime_features; m25_regime_probabilities; m29_research_summary; m32_benchmark_daily; m32_benchmark_summary; m32_feature_stability_history; m32_feature_stability_summary; m32_historical_stress_validation; m32_probability_drift; m32_retraining_policy_validation; m32_synthetic_stress_validation; m32_validation_summary; module25_runs; module31_runs; module32_runs; sklearn.linear_model; sklearn.metrics; sklearn.preprocessing
32,crypto_platform/module32.py,transaction_costs,5,transaction_cost,__init__; benchmark; clean_history; entropy; feature_label_data; feature_stability; historical_stress; prices; probability_drift; psi; regime_frame; retraining_policies; run; run_module32; synthetic_stress; upsert; utcnow,__future__; _m32_stage; canonical_market_daily; clean_probability_history; clean_regime_history; crypto_platform.ml.classes; crypto_platform.ml.models; crypto_platform.ml.validation; crypto_platform.module25; crypto_platform.module29; crypto_platform.module30; crypto_platform.module31; crypto_platform.platform; datetime; m25_regime_features; m25_regime_probabilities; m29_research_summary; m32_benchmark_daily; m32_benchmark_summary; m32_feature_stability_history; m32_feature_stability_summary; m32_historical_stress_validation; m32_probability_drift; m32_retraining_policy_validation; m32_synthetic_stress_validation; m32_validation_summary; module25_runs; module31_runs; module32_runs; sklearn.linear_model; sklearn.metrics; sklearn.preprocessing
32,crypto_platform/module32.py,drawdown_analysis,29,drawdown; max_drawdown; maximum_drawdown,__init__; benchmark; clean_history; entropy; feature_label_data; feature_stability; historical_stress; prices; probability_drift; psi; regime_frame; retraining_policies; run; run_module32; synthetic_stress; upsert; utcnow,__future__; _m32_stage; canonical_market_daily; clean_probability_history; clean_regime_history; crypto_platform.ml.classes; crypto_platform.ml.models; crypto_platform.ml.validation; crypto_platform.module25; crypto_platform.module29; crypto_platform.module30; crypto_platform.module31; crypto_platform.platform; datetime; m25_regime_features; m25_regime_probabilities; m29_research_summary; m32_benchmark_daily; m32_benchmark_summary; m32_feature_stability_history; m32_feature_stability_summary; m32_historical_stress_validation; m32_probability_drift; m32_retraining_policy_validation; m32_synthetic_stress_validation; m32_validation_summary; module25_runs; module31_runs; module32_runs; sklearn.linear_model; sklearn.metrics; sklearn.preprocessing
32,crypto_platform/module32.py,risk_adjusted_metrics,29,calmar; sharpe; sortino; volatility,__init__; benchmark; clean_history; entropy; feature_label_data; feature_stability; historical_stress; prices; probability_drift; psi; regime_frame; retraining_policies; run; run_module32; synthetic_stress; upsert; utcnow,__future__; _m32_stage; canonical_market_daily; clean_probability_history; clean_regime_history; crypto_platform.ml.classes; crypto_platform.ml.models; crypto_platform.ml.validation; crypto_platform.module25; crypto_platform.module29; crypto_platform.module30; crypto_platform.module31; crypto_platform.platform; datetime; m25_regime_features; m25_regime_probabilities; m29_research_summary; m32_benchmark_daily; m32_benchmark_summary; m32_feature_stability_history; m32_feature_stability_summary; m32_historical_stress_validation; m32_probability_drift; m32_retraining_policy_validation; m32_synthetic_stress_validation; m32_validation_summary; module25_runs; module31_runs; module32_runs; sklearn.linear_model; sklearn.metrics; sklearn.preprocessing
32,crypto_platform/module32.py,forecast_calibration,9,brier; calibration,__init__; benchmark; clean_history; entropy; feature_label_data; feature_stability; historical_stress; prices; probability_drift; psi; regime_frame; retraining_policies; run; run_module32; synthetic_stress; upsert; utcnow,__future__; _m32_stage; canonical_market_daily; clean_probability_history; clean_regime_history; crypto_platform.ml.classes; crypto_platform.ml.models; crypto_platform.ml.validation; crypto_platform.module25; crypto_platform.module29; crypto_platform.module30; crypto_platform.module31; crypto_platform.platform; datetime; m25_regime_features; m25_regime_probabilities; m29_research_summary; m32_benchmark_daily; m32_benchmark_summary; m32_feature_stability_history; m32_feature_stability_summary; m32_historical_stress_validation; m32_probability_drift; m32_retraining_policy_validation; m32_synthetic_stress_validation; m32_validation_summary; module25_runs; module31_runs; module32_runs; sklearn.linear_model; sklearn.metrics; sklearn.preprocessing
32,crypto_platform/module32.py,statistical_confidence,1,resample,__init__; benchmark; clean_history; entropy; feature_label_data; feature_stability; historical_stress; prices; probability_drift; psi; regime_frame; retraining_policies; run; run_module32; synthetic_stress; upsert; utcnow,__future__; _m32_stage; canonical_market_daily; clean_probability_history; clean_regime_history; crypto_platform.ml.classes; crypto_platform.ml.models; crypto_platform.ml.validation; crypto_platform.module25; crypto_platform.module29; crypto_platform.module30; crypto_platform.module31; crypto_platform.platform; datetime; m25_regime_features; m25_regime_probabilities; m29_research_summary; m32_benchmark_daily; m32_benchmark_summary; m32_feature_stability_history; m32_feature_stability_summary; m32_historical_stress_validation; m32_probability_drift; m32_retraining_policy_validation; m32_synthetic_stress_validation; m32_validation_summary; module25_runs; module31_runs; module32_runs; sklearn.linear_model; sklearn.metrics; sklearn.preprocessing
32,crypto_platform/module32.py,regime_validation,49,bull; regime,__init__; benchmark; clean_history; entropy; feature_label_data; feature_stability; historical_stress; prices; probability_drift; psi; regime_frame; retraining_policies; run; run_module32; synthetic_stress; upsert; utcnow,__future__; _m32_stage; canonical_market_daily; clean_probability_history; clean_regime_history; crypto_platform.ml.classes; crypto_platform.ml.models; crypto_platform.ml.validation; crypto_platform.module25; crypto_platform.module29; crypto_platform.module30; crypto_platform.module31; crypto_platform.platform; datetime; m25_regime_features; m25_regime_probabilities; m29_research_summary; m32_benchmark_daily; m32_benchmark_summary; m32_feature_stability_history; m32_feature_stability_summary; m32_historical_stress_validation; m32_probability_drift; m32_retraining_policy_validation; m32_synthetic_stress_validation; m32_validation_summary; module25_runs; module31_runs; module32_runs; sklearn.linear_model; sklearn.metrics; sklearn.preprocessing
32,crypto_platform/module32.py,sensitivity_testing,4,scenario; stress test,__init__; benchmark; clean_history; entropy; feature_label_data; feature_stability; historical_stress; prices; probability_drift; psi; regime_frame; retraining_policies; run; run_module32; synthetic_stress; upsert; utcnow,__future__; _m32_stage; canonical_market_daily; clean_probability_history; clean_regime_history; crypto_platform.ml.classes; crypto_platform.ml.models; crypto_platform.ml.validation; crypto_platform.module25; crypto_platform.module29; crypto_platform.module30; crypto_platform.module31; crypto_platform.platform; datetime; m25_regime_features; m25_regime_probabilities; m29_research_summary; m32_benchmark_daily; m32_benchmark_summary; m32_feature_stability_history; m32_feature_stability_summary; m32_historical_stress_validation; m32_probability_drift; m32_retraining_policy_validation; m32_synthetic_stress_validation; m32_validation_summary; module25_runs; module31_runs; module32_runs; sklearn.linear_model; sklearn.metrics; sklearn.preprocessing
32,crypto_platform/module32.py,feature_drift,4,psi,__init__; benchmark; clean_history; entropy; feature_label_data; feature_stability; historical_stress; prices; probability_drift; psi; regime_frame; retraining_policies; run; run_module32; synthetic_stress; upsert; utcnow,__future__; _m32_stage; canonical_market_daily; clean_probability_history; clean_regime_history; crypto_platform.ml.classes; crypto_platform.ml.models; crypto_platform.ml.validation; crypto_platform.module25; crypto_platform.module29; crypto_platform.module30; crypto_platform.module31; crypto_platform.platform; datetime; m25_regime_features; m25_regime_probabilities; m29_research_summary; m32_benchmark_daily; m32_benchmark_summary; m32_feature_stability_history; m32_feature_stability_summary; m32_historical_stress_validation; m32_probability_drift; m32_retraining_policy_validation; m32_synthetic_stress_validation; m32_validation_summary; module25_runs; module31_runs; module32_runs; sklearn.linear_model; sklearn.metrics; sklearn.preprocessing
32,crypto_platform/module32.py,prediction_drift,12,probability_drift,__init__; benchmark; clean_history; entropy; feature_label_data; feature_stability; historical_stress; prices; probability_drift; psi; regime_frame; retraining_policies; run; run_module32; synthetic_stress; upsert; utcnow,__future__; _m32_stage; canonical_market_daily; clean_probability_history; clean_regime_history; crypto_platform.ml.classes; crypto_platform.ml.models; crypto_platform.ml.validation; crypto_platform.module25; crypto_platform.module29; crypto_platform.module30; crypto_platform.module31; crypto_platform.platform; datetime; m25_regime_features; m25_regime_probabilities; m29_research_summary; m32_benchmark_daily; m32_benchmark_summary; m32_feature_stability_history; m32_feature_stability_summary; m32_historical_stress_validation; m32_probability_drift; m32_retraining_policy_validation; m32_synthetic_stress_validation; m32_validation_summary; module25_runs; module31_runs; module32_runs; sklearn.linear_model; sklearn.metrics; sklearn.preprocessing
32,crypto_platform/module32.py,lookahead_protection,1,shift(1,__init__; benchmark; clean_history; entropy; feature_label_data; feature_stability; historical_stress; prices; probability_drift; psi; regime_frame; retraining_policies; run; run_module32; synthetic_stress; upsert; utcnow,__future__; _m32_stage; canonical_market_daily; clean_probability_history; clean_regime_history; crypto_platform.ml.classes; crypto_platform.ml.models; crypto_platform.ml.validation; crypto_platform.module25; crypto_platform.module29; crypto_platform.module30; crypto_platform.module31; crypto_platform.platform; datetime; m25_regime_features; m25_regime_probabilities; m29_research_summary; m32_benchmark_daily; m32_benchmark_summary; m32_feature_stability_history; m32_feature_stability_summary; m32_historical_stress_validation; m32_probability_drift; m32_retraining_policy_validation; m32_synthetic_stress_validation; m32_validation_summary; module25_runs; module31_runs; module32_runs; sklearn.linear_model; sklearn.metrics; sklearn.preprocessing
32,crypto_platform/module32.py,deterministic_replay,1,random_state,__init__; benchmark; clean_history; entropy; feature_label_data; feature_stability; historical_stress; prices; probability_drift; psi; regime_frame; retraining_policies; run; run_module32; synthetic_stress; upsert; utcnow,__future__; _m32_stage; canonical_market_daily; clean_probability_history; clean_regime_history; crypto_platform.ml.classes; crypto_platform.ml.models; crypto_platform.ml.validation; crypto_platform.module25; crypto_platform.module29; crypto_platform.module30; crypto_platform.module31; crypto_platform.platform; datetime; m25_regime_features; m25_regime_probabilities; m29_research_summary; m32_benchmark_daily; m32_benchmark_summary; m32_feature_stability_history; m32_feature_stability_summary; m32_historical_stress_validation; m32_probability_drift; m32_retraining_policy_validation; m32_synthetic_stress_validation; m32_validation_summary; module25_runs; module31_runs; module32_runs; sklearn.linear_model; sklearn.metrics; sklearn.preprocessing
32,crypto_platform/module32.py,auditability,70,run_id,__init__; benchmark; clean_history; entropy; feature_label_data; feature_stability; historical_stress; prices; probability_drift; psi; regime_frame; retraining_policies; run; run_module32; synthetic_stress; upsert; utcnow,__future__; _m32_stage; canonical_market_daily; clean_probability_history; clean_regime_history; crypto_platform.ml.classes; crypto_platform.ml.models; crypto_platform.ml.validation; crypto_platform.module25; crypto_platform.module29; crypto_platform.module30; crypto_platform.module31; crypto_platform.platform; datetime; m25_regime_features; m25_regime_probabilities; m29_research_summary; m32_benchmark_daily; m32_benchmark_summary; m32_feature_stability_history; m32_feature_stability_summary; m32_historical_stress_validation; m32_probability_drift; m32_retraining_policy_validation; m32_synthetic_stress_validation; m32_validation_summary; module25_runs; module31_runs; module32_runs; sklearn.linear_model; sklearn.metrics; sklearn.preprocessing
33,crypto_platform/module33.py,benchmark_comparison,11,benchmark; equal_weight,__init__; adjusted_drift; benchmark_rows; candidate_search; cost_sensitivity; decision_path; disagreement; entropy; performance_metrics; population_stability_index; prices; probabilities; regularize_probabilities; run; run_module33; upsert; utcnow,__future__; _m33_stage; canonical_market_daily; clean_probability_history; clean_regime_history; crypto_platform.ml.classes; crypto_platform.ml.validation; crypto_platform.module30; crypto_platform.module32; crypto_platform.platform; datetime; m33_adjusted_probability_drift; m33_benchmark_comparison; m33_cost_sensitivity; m33_decision_candidates; m33_optimized_daily; m33_probability_regularization; m33_validation_summary; module32_runs; module33_runs
33,crypto_platform/module33.py,transaction_costs,30,transaction_cost,__init__; adjusted_drift; benchmark_rows; candidate_search; cost_sensitivity; decision_path; disagreement; entropy; performance_metrics; population_stability_index; prices; probabilities; regularize_probabilities; run; run_module33; upsert; utcnow,__future__; _m33_stage; canonical_market_daily; clean_probability_history; clean_regime_history; crypto_platform.ml.classes; crypto_platform.ml.validation; crypto_platform.module30; crypto_platform.module32; crypto_platform.platform; datetime; m33_adjusted_probability_drift; m33_benchmark_comparison; m33_cost_sensitivity; m33_decision_candidates; m33_optimized_daily; m33_probability_regularization; m33_validation_summary; module32_runs; module33_runs
33,crypto_platform/module33.py,drawdown_analysis,72,drawdown; max_drawdown; maximum_drawdown,__init__; adjusted_drift; benchmark_rows; candidate_search; cost_sensitivity; decision_path; disagreement; entropy; performance_metrics; population_stability_index; prices; probabilities; regularize_probabilities; run; run_module33; upsert; utcnow,__future__; _m33_stage; canonical_market_daily; clean_probability_history; clean_regime_history; crypto_platform.ml.classes; crypto_platform.ml.validation; crypto_platform.module30; crypto_platform.module32; crypto_platform.platform; datetime; m33_adjusted_probability_drift; m33_benchmark_comparison; m33_cost_sensitivity; m33_decision_candidates; m33_optimized_daily; m33_probability_regularization; m33_validation_summary; module32_runs; module33_runs
33,crypto_platform/module33.py,risk_adjusted_metrics,64,calmar; sharpe; sortino; volatility,__init__; adjusted_drift; benchmark_rows; candidate_search; cost_sensitivity; decision_path; disagreement; entropy; performance_metrics; population_stability_index; prices; probabilities; regularize_probabilities; run; run_module33; upsert; utcnow,__future__; _m33_stage; canonical_market_daily; clean_probability_history; clean_regime_history; crypto_platform.ml.classes; crypto_platform.ml.validation; crypto_platform.module30; crypto_platform.module32; crypto_platform.platform; datetime; m33_adjusted_probability_drift; m33_benchmark_comparison; m33_cost_sensitivity; m33_decision_candidates; m33_optimized_daily; m33_probability_regularization; m33_validation_summary; module32_runs; module33_runs
33,crypto_platform/module33.py,regime_validation,29,bull; regime,__init__; adjusted_drift; benchmark_rows; candidate_search; cost_sensitivity; decision_path; disagreement; entropy; performance_metrics; population_stability_index; prices; probabilities; regularize_probabilities; run; run_module33; upsert; utcnow,__future__; _m33_stage; canonical_market_daily; clean_probability_history; clean_regime_history; crypto_platform.ml.classes; crypto_platform.ml.validation; crypto_platform.module30; crypto_platform.module32; crypto_platform.platform; datetime; m33_adjusted_probability_drift; m33_benchmark_comparison; m33_cost_sensitivity; m33_decision_candidates; m33_optimized_daily; m33_probability_regularization; m33_validation_summary; module32_runs; module33_runs
33,crypto_platform/module33.py,sensitivity_testing,19,parameter_grid; sensitivity,__init__; adjusted_drift; benchmark_rows; candidate_search; cost_sensitivity; decision_path; disagreement; entropy; performance_metrics; population_stability_index; prices; probabilities; regularize_probabilities; run; run_module33; upsert; utcnow,__future__; _m33_stage; canonical_market_daily; clean_probability_history; clean_regime_history; crypto_platform.ml.classes; crypto_platform.ml.validation; crypto_platform.module30; crypto_platform.module32; crypto_platform.platform; datetime; m33_adjusted_probability_drift; m33_benchmark_comparison; m33_cost_sensitivity; m33_decision_candidates; m33_optimized_daily; m33_probability_regularization; m33_validation_summary; module32_runs; module33_runs
33,crypto_platform/module33.py,feature_drift,13,population_stability; psi,__init__; adjusted_drift; benchmark_rows; candidate_search; cost_sensitivity; decision_path; disagreement; entropy; performance_metrics; population_stability_index; prices; probabilities; regularize_probabilities; run; run_module33; upsert; utcnow,__future__; _m33_stage; canonical_market_daily; clean_probability_history; clean_regime_history; crypto_platform.ml.classes; crypto_platform.ml.validation; crypto_platform.module30; crypto_platform.module32; crypto_platform.platform; datetime; m33_adjusted_probability_drift; m33_benchmark_comparison; m33_cost_sensitivity; m33_decision_candidates; m33_optimized_daily; m33_probability_regularization; m33_validation_summary; module32_runs; module33_runs
33,crypto_platform/module33.py,prediction_drift,4,probability_drift,__init__; adjusted_drift; benchmark_rows; candidate_search; cost_sensitivity; decision_path; disagreement; entropy; performance_metrics; population_stability_index; prices; probabilities; regularize_probabilities; run; run_module33; upsert; utcnow,__future__; _m33_stage; canonical_market_daily; clean_probability_history; clean_regime_history; crypto_platform.ml.classes; crypto_platform.ml.validation; crypto_platform.module30; crypto_platform.module32; crypto_platform.platform; datetime; m33_adjusted_probability_drift; m33_benchmark_comparison; m33_cost_sensitivity; m33_decision_candidates; m33_optimized_daily; m33_probability_regularization; m33_validation_summary; module32_runs; module33_runs
33,crypto_platform/module33.py,lookahead_protection,1,shift(1,__init__; adjusted_drift; benchmark_rows; candidate_search; cost_sensitivity; decision_path; disagreement; entropy; performance_metrics; population_stability_index; prices; probabilities; regularize_probabilities; run; run_module33; upsert; utcnow,__future__; _m33_stage; canonical_market_daily; clean_probability_history; clean_regime_history; crypto_platform.ml.classes; crypto_platform.ml.validation; crypto_platform.module30; crypto_platform.module32; crypto_platform.platform; datetime; m33_adjusted_probability_drift; m33_benchmark_comparison; m33_cost_sensitivity; m33_decision_candidates; m33_optimized_daily; m33_probability_regularization; m33_validation_summary; module32_runs; module33_runs
33,crypto_platform/module33.py,auditability,57,run_id,__init__; adjusted_drift; benchmark_rows; candidate_search; cost_sensitivity; decision_path; disagreement; entropy; performance_metrics; population_stability_index; prices; probabilities; regularize_probabilities; run; run_module33; upsert; utcnow,__future__; _m33_stage; canonical_market_daily; clean_probability_history; clean_regime_history; crypto_platform.ml.classes; crypto_platform.ml.validation; crypto_platform.module30; crypto_platform.module32; crypto_platform.platform; datetime; m33_adjusted_probability_drift; m33_benchmark_comparison; m33_cost_sensitivity; m33_decision_candidates; m33_optimized_daily; m33_probability_regularization; m33_validation_summary; module32_runs; module33_runs
34,crypto_platform/module34.py,benchmark_comparison,9,benchmark; equal_weight,__init__; benchmarks; candidate_search; cost_sensitivity; disagreement; entropy; execute_policy; execution_drift; optimized_targets; performance_metrics; prices; probabilities; run; run_module34; upsert; utcnow,__future__; _m34_stage; canonical_market_daily; clean_probability_history; clean_regime_history; crypto_platform.ml.classes; crypto_platform.ml.validation; crypto_platform.module30; crypto_platform.module33; crypto_platform.platform; datetime; m33_optimized_daily; m34_benchmark_summary; m34_cost_sensitivity; m34_execution_candidates; m34_execution_daily; m34_execution_drift; m34_trade_ledger; m34_validation_summary; module33_runs; module34_runs; scipy.spatial.distance; scipy.stats
34,crypto_platform/module34.py,transaction_costs,26,transaction_cost,__init__; benchmarks; candidate_search; cost_sensitivity; disagreement; entropy; execute_policy; execution_drift; optimized_targets; performance_metrics; prices; probabilities; run; run_module34; upsert; utcnow,__future__; _m34_stage; canonical_market_daily; clean_probability_history; clean_regime_history; crypto_platform.ml.classes; crypto_platform.ml.validation; crypto_platform.module30; crypto_platform.module33; crypto_platform.platform; datetime; m33_optimized_daily; m34_benchmark_summary; m34_cost_sensitivity; m34_execution_candidates; m34_execution_daily; m34_execution_drift; m34_trade_ledger; m34_validation_summary; module33_runs; module34_runs; scipy.spatial.distance; scipy.stats
34,crypto_platform/module34.py,drawdown_analysis,60,drawdown; max_drawdown; maximum_drawdown,__init__; benchmarks; candidate_search; cost_sensitivity; disagreement; entropy; execute_policy; execution_drift; optimized_targets; performance_metrics; prices; probabilities; run; run_module34; upsert; utcnow,__future__; _m34_stage; canonical_market_daily; clean_probability_history; clean_regime_history; crypto_platform.ml.classes; crypto_platform.ml.validation; crypto_platform.module30; crypto_platform.module33; crypto_platform.platform; datetime; m33_optimized_daily; m34_benchmark_summary; m34_cost_sensitivity; m34_execution_candidates; m34_execution_daily; m34_execution_drift; m34_trade_ledger; m34_validation_summary; module33_runs; module34_runs; scipy.spatial.distance; scipy.stats
34,crypto_platform/module34.py,risk_adjusted_metrics,59,calmar; sharpe; sortino; volatility,__init__; benchmarks; candidate_search; cost_sensitivity; disagreement; entropy; execute_policy; execution_drift; optimized_targets; performance_metrics; prices; probabilities; run; run_module34; upsert; utcnow,__future__; _m34_stage; canonical_market_daily; clean_probability_history; clean_regime_history; crypto_platform.ml.classes; crypto_platform.ml.validation; crypto_platform.module30; crypto_platform.module33; crypto_platform.platform; datetime; m33_optimized_daily; m34_benchmark_summary; m34_cost_sensitivity; m34_execution_candidates; m34_execution_daily; m34_execution_drift; m34_trade_ledger; m34_validation_summary; module33_runs; module34_runs; scipy.spatial.distance; scipy.stats
34,crypto_platform/module34.py,regime_validation,14,bull; regime,__init__; benchmarks; candidate_search; cost_sensitivity; disagreement; entropy; execute_policy; execution_drift; optimized_targets; performance_metrics; prices; probabilities; run; run_module34; upsert; utcnow,__future__; _m34_stage; canonical_market_daily; clean_probability_history; clean_regime_history; crypto_platform.ml.classes; crypto_platform.ml.validation; crypto_platform.module30; crypto_platform.module33; crypto_platform.platform; datetime; m33_optimized_daily; m34_benchmark_summary; m34_cost_sensitivity; m34_execution_candidates; m34_execution_daily; m34_execution_drift; m34_trade_ledger; m34_validation_summary; module33_runs; module34_runs; scipy.spatial.distance; scipy.stats
34,crypto_platform/module34.py,sensitivity_testing,10,sensitivity,__init__; benchmarks; candidate_search; cost_sensitivity; disagreement; entropy; execute_policy; execution_drift; optimized_targets; performance_metrics; prices; probabilities; run; run_module34; upsert; utcnow,__future__; _m34_stage; canonical_market_daily; clean_probability_history; clean_regime_history; crypto_platform.ml.classes; crypto_platform.ml.validation; crypto_platform.module30; crypto_platform.module33; crypto_platform.platform; datetime; m33_optimized_daily; m34_benchmark_summary; m34_cost_sensitivity; m34_execution_candidates; m34_execution_daily; m34_execution_drift; m34_trade_ledger; m34_validation_summary; module33_runs; module34_runs; scipy.spatial.distance; scipy.stats
34,crypto_platform/module34.py,auditability,58,run_id,__init__; benchmarks; candidate_search; cost_sensitivity; disagreement; entropy; execute_policy; execution_drift; optimized_targets; performance_metrics; prices; probabilities; run; run_module34; upsert; utcnow,__future__; _m34_stage; canonical_market_daily; clean_probability_history; clean_regime_history; crypto_platform.ml.classes; crypto_platform.ml.validation; crypto_platform.module30; crypto_platform.module33; crypto_platform.platform; datetime; m33_optimized_daily; m34_benchmark_summary; m34_cost_sensitivity; m34_execution_candidates; m34_execution_daily; m34_execution_drift; m34_trade_ledger; m34_validation_summary; module33_runs; module34_runs; scipy.spatial.distance; scipy.stats
35,crypto_platform/module35.py,benchmark_comparison,1,equal_weight,__init__; norm; prices; run; run_module35; upsert; utcnow,__future__; _s; canonical_market_daily; crypto_platform.module34; crypto_platform.platform; datetime; latest_clean_regime_current; m34_execution_daily; m34_trade_ledger; m35_portfolio_allocations; m35_portfolio_candidates; m35_portfolio_correlations; m35_portfolio_statistics; module34_runs; module35_runs
35,crypto_platform/module35.py,risk_adjusted_metrics,19,sharpe; volatility,__init__; norm; prices; run; run_module35; upsert; utcnow,__future__; _s; canonical_market_daily; crypto_platform.module34; crypto_platform.platform; datetime; latest_clean_regime_current; m34_execution_daily; m34_trade_ledger; m35_portfolio_allocations; m35_portfolio_candidates; m35_portfolio_correlations; m35_portfolio_statistics; module34_runs; module35_runs
35,crypto_platform/module35.py,regime_validation,2,regime,__init__; norm; prices; run; run_module35; upsert; utcnow,__future__; _s; canonical_market_daily; crypto_platform.module34; crypto_platform.platform; datetime; latest_clean_regime_current; m34_execution_daily; m34_trade_ledger; m35_portfolio_allocations; m35_portfolio_candidates; m35_portfolio_correlations; m35_portfolio_statistics; module34_runs; module35_runs
35,crypto_platform/module35.py,auditability,36,run_id,__init__; norm; prices; run; run_module35; upsert; utcnow,__future__; _s; canonical_market_daily; crypto_platform.module34; crypto_platform.platform; datetime; latest_clean_regime_current; m34_execution_daily; m34_trade_ledger; m35_portfolio_allocations; m35_portfolio_candidates; m35_portfolio_correlations; m35_portfolio_statistics; module34_runs; module35_runs
36,crypto_platform/module36.py,drawdown_analysis,8,drawdown; max_drawdown; maximum_drawdown,__init__; run; run_module36; upsert; utcnow,Module; __future__; _s; canonical_market_daily; crypto_platform.module35; crypto_platform.platform; datetime; m35_portfolio_allocations; m36_asset_risk; m36_portfolio_risk; m36_risk_adjusted_allocations; module35_runs; module36_runs
36,crypto_platform/module36.py,risk_adjusted_metrics,18,volatility,__init__; run; run_module36; upsert; utcnow,Module; __future__; _s; canonical_market_daily; crypto_platform.module35; crypto_platform.platform; datetime; m35_portfolio_allocations; m36_asset_risk; m36_portfolio_risk; m36_risk_adjusted_allocations; module35_runs; module36_runs
36,crypto_platform/module36.py,auditability,29,run_id,__init__; run; run_module36; upsert; utcnow,Module; __future__; _s; canonical_market_daily; crypto_platform.module35; crypto_platform.platform; datetime; m35_portfolio_allocations; m36_asset_risk; m36_portfolio_risk; m36_risk_adjusted_allocations; module35_runs; module36_runs
37,crypto_platform/module37.py,benchmark_comparison,5,benchmark,__init__; constraints; current_regime_probabilities; expected_returns; frontier; normalize; objective; portfolio_metrics; prices; prior_allocations; regime_forward_returns; run; run_module37; solve; upsert; utcnow,__future__; _m37_stage; canonical_market_daily; crypto_platform.module30; crypto_platform.module31; crypto_platform.module35; crypto_platform.module36; crypto_platform.platform; datetime; latest_clean_probability_current; latest_m31_forward_return_validation; m35_portfolio_allocations; m35_portfolio_statistics; m36_portfolio_risk; m37_efficient_frontier; m37_expected_returns; m37_optimized_allocations; m37_optimizer_candidates; m37_portfolio_statistics; m37_risk_decomposition; module35_runs; module36_runs; module37_runs; scipy.optimize
37,crypto_platform/module37.py,risk_adjusted_metrics,58,information_ratio; sharpe; volatility,__init__; constraints; current_regime_probabilities; expected_returns; frontier; normalize; objective; portfolio_metrics; prices; prior_allocations; regime_forward_returns; run; run_module37; solve; upsert; utcnow,__future__; _m37_stage; canonical_market_daily; crypto_platform.module30; crypto_platform.module31; crypto_platform.module35; crypto_platform.module36; crypto_platform.platform; datetime; latest_clean_probability_current; latest_m31_forward_return_validation; m35_portfolio_allocations; m35_portfolio_statistics; m36_portfolio_risk; m37_efficient_frontier; m37_expected_returns; m37_optimized_allocations; m37_optimizer_candidates; m37_portfolio_statistics; m37_risk_decomposition; module35_runs; module36_runs; module37_runs; scipy.optimize
37,crypto_platform/module37.py,regime_validation,37,regime; risk_on,__init__; constraints; current_regime_probabilities; expected_returns; frontier; normalize; objective; portfolio_metrics; prices; prior_allocations; regime_forward_returns; run; run_module37; solve; upsert; utcnow,__future__; _m37_stage; canonical_market_daily; crypto_platform.module30; crypto_platform.module31; crypto_platform.module35; crypto_platform.module36; crypto_platform.platform; datetime; latest_clean_probability_current; latest_m31_forward_return_validation; m35_portfolio_allocations; m35_portfolio_statistics; m36_portfolio_risk; m37_efficient_frontier; m37_expected_returns; m37_optimized_allocations; m37_optimizer_candidates; m37_portfolio_statistics; m37_risk_decomposition; module35_runs; module36_runs; module37_runs; scipy.optimize
37,crypto_platform/module37.py,auditability,54,run_id,__init__; constraints; current_regime_probabilities; expected_returns; frontier; normalize; objective; portfolio_metrics; prices; prior_allocations; regime_forward_returns; run; run_module37; solve; upsert; utcnow,__future__; _m37_stage; canonical_market_daily; crypto_platform.module30; crypto_platform.module31; crypto_platform.module35; crypto_platform.module36; crypto_platform.platform; datetime; latest_clean_probability_current; latest_m31_forward_return_validation; m35_portfolio_allocations; m35_portfolio_statistics; m36_portfolio_risk; m37_efficient_frontier; m37_expected_returns; m37_optimized_allocations; m37_optimizer_candidates; m37_portfolio_statistics; m37_risk_decomposition; module35_runs; module36_runs; module37_runs; scipy.optimize
38,crypto_platform/module38.py,walk_forward_validation,3,oos,__init__; attribution_rows; build_features; current_regime; macro; model_suite; optimizer_allocations; optimizer_expected_returns; prices; regime_history; run; run_module38; safe_float; train_forecast; transition_matrix; upsert; utcnow,__future__; _m38_stage; canonical_market_daily; clean_regime_current; clean_regime_history; crypto_platform.module25; crypto_platform.module30; crypto_platform.module37; crypto_platform.platform; datetime; information_schema.tables; m37_expected_returns; m37_optimized_allocations; m37_portfolio_statistics; m38_asset_forecasts; m38_forecast_attribution; m38_model_validation; m38_portfolio_forecast; m38_predictive_expected_returns; m38_regime_transitions; module30_runs; module37_runs; module38_runs; sklearn.ensemble; sklearn.linear_model; sklearn.metrics; sklearn.preprocessing
38,crypto_platform/module38.py,risk_adjusted_metrics,16,volatility,__init__; attribution_rows; build_features; current_regime; macro; model_suite; optimizer_allocations; optimizer_expected_returns; prices; regime_history; run; run_module38; safe_float; train_forecast; transition_matrix; upsert; utcnow,__future__; _m38_stage; canonical_market_daily; clean_regime_current; clean_regime_history; crypto_platform.module25; crypto_platform.module30; crypto_platform.module37; crypto_platform.platform; datetime; information_schema.tables; m37_expected_returns; m37_optimized_allocations; m37_portfolio_statistics; m38_asset_forecasts; m38_forecast_attribution; m38_model_validation; m38_portfolio_forecast; m38_predictive_expected_returns; m38_regime_transitions; module30_runs; module37_runs; module38_runs; sklearn.ensemble; sklearn.linear_model; sklearn.metrics; sklearn.preprocessing
38,crypto_platform/module38.py,forecast_calibration,1,ece,__init__; attribution_rows; build_features; current_regime; macro; model_suite; optimizer_allocations; optimizer_expected_returns; prices; regime_history; run; run_module38; safe_float; train_forecast; transition_matrix; upsert; utcnow,__future__; _m38_stage; canonical_market_daily; clean_regime_current; clean_regime_history; crypto_platform.module25; crypto_platform.module30; crypto_platform.module37; crypto_platform.platform; datetime; information_schema.tables; m37_expected_returns; m37_optimized_allocations; m37_portfolio_statistics; m38_asset_forecasts; m38_forecast_attribution; m38_model_validation; m38_portfolio_forecast; m38_predictive_expected_returns; m38_regime_transitions; module30_runs; module37_runs; module38_runs; sklearn.ensemble; sklearn.linear_model; sklearn.metrics; sklearn.preprocessing
38,crypto_platform/module38.py,regime_validation,60,bull; regime; risk_on,__init__; attribution_rows; build_features; current_regime; macro; model_suite; optimizer_allocations; optimizer_expected_returns; prices; regime_history; run; run_module38; safe_float; train_forecast; transition_matrix; upsert; utcnow,__future__; _m38_stage; canonical_market_daily; clean_regime_current; clean_regime_history; crypto_platform.module25; crypto_platform.module30; crypto_platform.module37; crypto_platform.platform; datetime; information_schema.tables; m37_expected_returns; m37_optimized_allocations; m37_portfolio_statistics; m38_asset_forecasts; m38_forecast_attribution; m38_model_validation; m38_portfolio_forecast; m38_predictive_expected_returns; m38_regime_transitions; module30_runs; module37_runs; module38_runs; sklearn.ensemble; sklearn.linear_model; sklearn.metrics; sklearn.preprocessing
38,crypto_platform/module38.py,lookahead_protection,1,leakage,__init__; attribution_rows; build_features; current_regime; macro; model_suite; optimizer_allocations; optimizer_expected_returns; prices; regime_history; run; run_module38; safe_float; train_forecast; transition_matrix; upsert; utcnow,__future__; _m38_stage; canonical_market_daily; clean_regime_current; clean_regime_history; crypto_platform.module25; crypto_platform.module30; crypto_platform.module37; crypto_platform.platform; datetime; information_schema.tables; m37_expected_returns; m37_optimized_allocations; m37_portfolio_statistics; m38_asset_forecasts; m38_forecast_attribution; m38_model_validation; m38_portfolio_forecast; m38_predictive_expected_returns; m38_regime_transitions; module30_runs; module37_runs; module38_runs; sklearn.ensemble; sklearn.linear_model; sklearn.metrics; sklearn.preprocessing
38,crypto_platform/module38.py,deterministic_replay,6,random_state,__init__; attribution_rows; build_features; current_regime; macro; model_suite; optimizer_allocations; optimizer_expected_returns; prices; regime_history; run; run_module38; safe_float; train_forecast; transition_matrix; upsert; utcnow,__future__; _m38_stage; canonical_market_daily; clean_regime_current; clean_regime_history; crypto_platform.module25; crypto_platform.module30; crypto_platform.module37; crypto_platform.platform; datetime; information_schema.tables; m37_expected_returns; m37_optimized_allocations; m37_portfolio_statistics; m38_asset_forecasts; m38_forecast_attribution; m38_model_validation; m38_portfolio_forecast; m38_predictive_expected_returns; m38_regime_transitions; module30_runs; module37_runs; module38_runs; sklearn.ensemble; sklearn.linear_model; sklearn.metrics; sklearn.preprocessing
38,crypto_platform/module38.py,auditability,54,run_id,__init__; attribution_rows; build_features; current_regime; macro; model_suite; optimizer_allocations; optimizer_expected_returns; prices; regime_history; run; run_module38; safe_float; train_forecast; transition_matrix; upsert; utcnow,__future__; _m38_stage; canonical_market_daily; clean_regime_current; clean_regime_history; crypto_platform.module25; crypto_platform.module30; crypto_platform.module37; crypto_platform.platform; datetime; information_schema.tables; m37_expected_returns; m37_optimized_allocations; m37_portfolio_statistics; m38_asset_forecasts; m38_forecast_attribution; m38_model_validation; m38_portfolio_forecast; m38_predictive_expected_returns; m38_regime_transitions; module30_runs; module37_runs; module38_runs; sklearn.ensemble; sklearn.linear_model; sklearn.metrics; sklearn.preprocessing
38,crypto_platform/module38.py,universal_contract,13,forecasts,__init__; attribution_rows; build_features; current_regime; macro; model_suite; optimizer_allocations; optimizer_expected_returns; prices; regime_history; run; run_module38; safe_float; train_forecast; transition_matrix; upsert; utcnow,__future__; _m38_stage; canonical_market_daily; clean_regime_current; clean_regime_history; crypto_platform.module25; crypto_platform.module30; crypto_platform.module37; crypto_platform.platform; datetime; information_schema.tables; m37_expected_returns; m37_optimized_allocations; m37_portfolio_statistics; m38_asset_forecasts; m38_forecast_attribution; m38_model_validation; m38_portfolio_forecast; m38_predictive_expected_returns; m38_regime_transitions; module30_runs; module37_runs; module38_runs; sklearn.ensemble; sklearn.linear_model; sklearn.metrics; sklearn.preprocessing
39,crypto_platform/module39.py,risk_adjusted_metrics,4,sharpe,__init__; attributions; calibration; clip_probability; drift; historical_forecasts; model_validation; rolling_validation; run; run_module39; scorecards; source_forecasts; stability; upsert; utcnow,__future__; _m39_stage; canonical_market_daily; crypto_platform.module38; crypto_platform.platform; datetime; m38_asset_forecasts; m38_forecast_attribution; m38_model_validation; m39_calibrated_forecasts; m39_feature_stability; m39_forecast_drift; m39_forecast_scorecard; m39_probability_calibration; m39_rolling_origin_validation; m39_validation_summary; module38_runs; module39_runs; sklearn.isotonic; sklearn.linear_model; sklearn.metrics; sklearn.preprocessing
39,crypto_platform/module39.py,forecast_calibration,73,brier; calibration; probability_calibration,__init__; attributions; calibration; clip_probability; drift; historical_forecasts; model_validation; rolling_validation; run; run_module39; scorecards; source_forecasts; stability; upsert; utcnow,__future__; _m39_stage; canonical_market_daily; crypto_platform.module38; crypto_platform.platform; datetime; m38_asset_forecasts; m38_forecast_attribution; m38_model_validation; m39_calibrated_forecasts; m39_feature_stability; m39_forecast_drift; m39_forecast_scorecard; m39_probability_calibration; m39_rolling_origin_validation; m39_validation_summary; module38_runs; module39_runs; sklearn.isotonic; sklearn.linear_model; sklearn.metrics; sklearn.preprocessing
39,crypto_platform/module39.py,auditability,55,run_id,__init__; attributions; calibration; clip_probability; drift; historical_forecasts; model_validation; rolling_validation; run; run_module39; scorecards; source_forecasts; stability; upsert; utcnow,__future__; _m39_stage; canonical_market_daily; crypto_platform.module38; crypto_platform.platform; datetime; m38_asset_forecasts; m38_forecast_attribution; m38_model_validation; m39_calibrated_forecasts; m39_feature_stability; m39_forecast_drift; m39_forecast_scorecard; m39_probability_calibration; m39_rolling_origin_validation; m39_validation_summary; module38_runs; module39_runs; sklearn.isotonic; sklearn.linear_model; sklearn.metrics; sklearn.preprocessing
39,crypto_platform/module39.py,universal_contract,25,forecasts,__init__; attributions; calibration; clip_probability; drift; historical_forecasts; model_validation; rolling_validation; run; run_module39; scorecards; source_forecasts; stability; upsert; utcnow,__future__; _m39_stage; canonical_market_daily; crypto_platform.module38; crypto_platform.platform; datetime; m38_asset_forecasts; m38_forecast_attribution; m38_model_validation; m39_calibrated_forecasts; m39_feature_stability; m39_forecast_drift; m39_forecast_scorecard; m39_probability_calibration; m39_rolling_origin_validation; m39_validation_summary; module38_runs; module39_runs; sklearn.isotonic; sklearn.linear_model; sklearn.metrics; sklearn.preprocessing
40,crypto_platform/module40.py,risk_adjusted_metrics,4,sharpe,__init__; calibration_curves; ingest_attributions; ingest_forecasts; ingest_models; learning_summaries; mature_outcomes; memory_id; model_leaderboard; recover_interrupted_runs; retraining_recommendations; run; run_module40; safe_float; upsert; utcnow; validate_memory_consistency,__future__; _m40_stage; canonical_market_daily; crypto_platform.module38; crypto_platform.module39; crypto_platform.platform; datetime; m38_asset_forecasts; m38_forecast_attribution; m38_model_validation; m38_portfolio_forecast; m39_calibrated_forecasts; m40_attribution_memory; m40_calibration_curve; m40_forecast_memory; m40_learning_summary; m40_memory_summary; m40_model_leaderboard; m40_model_memory; m40_retraining_recommendations; module38_runs; module39_runs; module40_runs
40,crypto_platform/module40.py,forecast_calibration,50,brier; calibration; ece,__init__; calibration_curves; ingest_attributions; ingest_forecasts; ingest_models; learning_summaries; mature_outcomes; memory_id; model_leaderboard; recover_interrupted_runs; retraining_recommendations; run; run_module40; safe_float; upsert; utcnow; validate_memory_consistency,__future__; _m40_stage; canonical_market_daily; crypto_platform.module38; crypto_platform.module39; crypto_platform.platform; datetime; m38_asset_forecasts; m38_forecast_attribution; m38_model_validation; m38_portfolio_forecast; m39_calibrated_forecasts; m40_attribution_memory; m40_calibration_curve; m40_forecast_memory; m40_learning_summary; m40_memory_summary; m40_model_leaderboard; m40_model_memory; m40_retraining_recommendations; module38_runs; module39_runs; module40_runs
40,crypto_platform/module40.py,regime_validation,15,regime,__init__; calibration_curves; ingest_attributions; ingest_forecasts; ingest_models; learning_summaries; mature_outcomes; memory_id; model_leaderboard; recover_interrupted_runs; retraining_recommendations; run; run_module40; safe_float; upsert; utcnow; validate_memory_consistency,__future__; _m40_stage; canonical_market_daily; crypto_platform.module38; crypto_platform.module39; crypto_platform.platform; datetime; m38_asset_forecasts; m38_forecast_attribution; m38_model_validation; m38_portfolio_forecast; m39_calibrated_forecasts; m40_attribution_memory; m40_calibration_curve; m40_forecast_memory; m40_learning_summary; m40_memory_summary; m40_model_leaderboard; m40_model_memory; m40_retraining_recommendations; module38_runs; module39_runs; module40_runs
40,crypto_platform/module40.py,auditability,73,created_at; model_version; run_id,__init__; calibration_curves; ingest_attributions; ingest_forecasts; ingest_models; learning_summaries; mature_outcomes; memory_id; model_leaderboard; recover_interrupted_runs; retraining_recommendations; run; run_module40; safe_float; upsert; utcnow; validate_memory_consistency,__future__; _m40_stage; canonical_market_daily; crypto_platform.module38; crypto_platform.module39; crypto_platform.platform; datetime; m38_asset_forecasts; m38_forecast_attribution; m38_model_validation; m38_portfolio_forecast; m39_calibrated_forecasts; m40_attribution_memory; m40_calibration_curve; m40_forecast_memory; m40_learning_summary; m40_memory_summary; m40_model_leaderboard; m40_model_memory; m40_retraining_recommendations; module38_runs; module39_runs; module40_runs
40,crypto_platform/module40.py,promotion_guardrails,1,rollback,__init__; calibration_curves; ingest_attributions; ingest_forecasts; ingest_models; learning_summaries; mature_outcomes; memory_id; model_leaderboard; recover_interrupted_runs; retraining_recommendations; run; run_module40; safe_float; upsert; utcnow; validate_memory_consistency,__future__; _m40_stage; canonical_market_daily; crypto_platform.module38; crypto_platform.module39; crypto_platform.platform; datetime; m38_asset_forecasts; m38_forecast_attribution; m38_model_validation; m38_portfolio_forecast; m39_calibrated_forecasts; m40_attribution_memory; m40_calibration_curve; m40_forecast_memory; m40_learning_summary; m40_memory_summary; m40_model_leaderboard; m40_model_memory; m40_retraining_recommendations; module38_runs; module39_runs; module40_runs
40,crypto_platform/module40.py,universal_contract,39,forecasts; recommendations,__init__; calibration_curves; ingest_attributions; ingest_forecasts; ingest_models; learning_summaries; mature_outcomes; memory_id; model_leaderboard; recover_interrupted_runs; retraining_recommendations; run; run_module40; safe_float; upsert; utcnow; validate_memory_consistency,__future__; _m40_stage; canonical_market_daily; crypto_platform.module38; crypto_platform.module39; crypto_platform.platform; datetime; m38_asset_forecasts; m38_forecast_attribution; m38_model_validation; m38_portfolio_forecast; m39_calibrated_forecasts; m40_attribution_memory; m40_calibration_curve; m40_forecast_memory; m40_learning_summary; m40_memory_summary; m40_model_leaderboard; m40_model_memory; m40_retraining_recommendations; module38_runs; module39_runs; module40_runs
41,crypto_platform/module41.py,forecast_calibration,10,brier; calibration,__init__; confidence_and_feedback; model_weights; reliability; retraining; run; run_module41; upsert; utcnow,__future__; _m41; crypto_platform.module40; crypto_platform.platform; datetime; latest_m40_retraining_recommendations; m40_forecast_memory; m40_model_memory; m41_adaptive_model_weights; m41_confidence_adjustments; m41_horizon_reliability; m41_meta_summary; m41_optimizer_feedback; m41_retraining_plan; module40_runs; module41_runs
41,crypto_platform/module41.py,auditability,45,created_at; run_id,__init__; confidence_and_feedback; model_weights; reliability; retraining; run; run_module41; upsert; utcnow,__future__; _m41; crypto_platform.module40; crypto_platform.platform; datetime; latest_m40_retraining_recommendations; m40_forecast_memory; m40_model_memory; m41_adaptive_model_weights; m41_confidence_adjustments; m41_horizon_reliability; m41_meta_summary; m41_optimizer_feedback; m41_retraining_plan; module40_runs; module41_runs
41,crypto_platform/module41.py,universal_contract,25,forecasts; recommendations,__init__; confidence_and_feedback; model_weights; reliability; retraining; run; run_module41; upsert; utcnow,__future__; _m41; crypto_platform.module40; crypto_platform.platform; datetime; latest_m40_retraining_recommendations; m40_forecast_memory; m40_model_memory; m41_adaptive_model_weights; m41_confidence_adjustments; m41_horizon_reliability; m41_meta_summary; m41_optimizer_feedback; m41_retraining_plan; module40_runs; module41_runs
42,crypto_platform/module42.py,drawdown_analysis,5,drawdown; maximum_drawdown,__init__; adaptive_for; annualize_return; clip; current_prices; estimate_long_run_annual_return; forecast_for; historical_statistics; latest_success; plan_rows; projection_rows; recommendation_for; regime_alignment; reliability_for; run; run_module42; safe_float; source_signals; target_weights; upsert; utcnow; validate_decision_consistency,__future__; _m42_stage; canonical_market_daily; clean_regime_current; crypto_platform.module30; crypto_platform.module37; crypto_platform.module38; crypto_platform.module39; crypto_platform.module40; crypto_platform.module41; crypto_platform.platform; datetime; m37_optimized_allocations; m39_calibrated_forecasts; m41_horizon_reliability; m41_optimizer_feedback; m42_asset_recommendations; m42_decision_summary; m42_portfolio_plan; m42_price_projections; module42_runs
42,crypto_platform/module42.py,risk_adjusted_metrics,13,volatility,__init__; adaptive_for; annualize_return; clip; current_prices; estimate_long_run_annual_return; forecast_for; historical_statistics; latest_success; plan_rows; projection_rows; recommendation_for; regime_alignment; reliability_for; run; run_module42; safe_float; source_signals; target_weights; upsert; utcnow; validate_decision_consistency,__future__; _m42_stage; canonical_market_daily; clean_regime_current; crypto_platform.module30; crypto_platform.module37; crypto_platform.module38; crypto_platform.module39; crypto_platform.module40; crypto_platform.module41; crypto_platform.platform; datetime; m37_optimized_allocations; m39_calibrated_forecasts; m41_horizon_reliability; m41_optimizer_feedback; m42_asset_recommendations; m42_decision_summary; m42_portfolio_plan; m42_price_projections; module42_runs
42,crypto_platform/module42.py,regime_validation,47,bear; bull; regime,__init__; adaptive_for; annualize_return; clip; current_prices; estimate_long_run_annual_return; forecast_for; historical_statistics; latest_success; plan_rows; projection_rows; recommendation_for; regime_alignment; reliability_for; run; run_module42; safe_float; source_signals; target_weights; upsert; utcnow; validate_decision_consistency,__future__; _m42_stage; canonical_market_daily; clean_regime_current; crypto_platform.module30; crypto_platform.module37; crypto_platform.module38; crypto_platform.module39; crypto_platform.module40; crypto_platform.module41; crypto_platform.platform; datetime; m37_optimized_allocations; m39_calibrated_forecasts; m41_horizon_reliability; m41_optimizer_feedback; m42_asset_recommendations; m42_decision_summary; m42_portfolio_plan; m42_price_projections; module42_runs
42,crypto_platform/module42.py,sensitivity_testing,7,scenario,__init__; adaptive_for; annualize_return; clip; current_prices; estimate_long_run_annual_return; forecast_for; historical_statistics; latest_success; plan_rows; projection_rows; recommendation_for; regime_alignment; reliability_for; run; run_module42; safe_float; source_signals; target_weights; upsert; utcnow; validate_decision_consistency,__future__; _m42_stage; canonical_market_daily; clean_regime_current; crypto_platform.module30; crypto_platform.module37; crypto_platform.module38; crypto_platform.module39; crypto_platform.module40; crypto_platform.module41; crypto_platform.platform; datetime; m37_optimized_allocations; m39_calibrated_forecasts; m41_horizon_reliability; m41_optimizer_feedback; m42_asset_recommendations; m42_decision_summary; m42_portfolio_plan; m42_price_projections; module42_runs
42,crypto_platform/module42.py,auditability,51,run_id,__init__; adaptive_for; annualize_return; clip; current_prices; estimate_long_run_annual_return; forecast_for; historical_statistics; latest_success; plan_rows; projection_rows; recommendation_for; regime_alignment; reliability_for; run; run_module42; safe_float; source_signals; target_weights; upsert; utcnow; validate_decision_consistency,__future__; _m42_stage; canonical_market_daily; clean_regime_current; crypto_platform.module30; crypto_platform.module37; crypto_platform.module38; crypto_platform.module39; crypto_platform.module40; crypto_platform.module41; crypto_platform.platform; datetime; m37_optimized_allocations; m39_calibrated_forecasts; m41_horizon_reliability; m41_optimizer_feedback; m42_asset_recommendations; m42_decision_summary; m42_portfolio_plan; m42_price_projections; module42_runs
42,crypto_platform/module42.py,universal_contract,25,forecasts; recommendations,__init__; adaptive_for; annualize_return; clip; current_prices; estimate_long_run_annual_return; forecast_for; historical_statistics; latest_success; plan_rows; projection_rows; recommendation_for; regime_alignment; reliability_for; run; run_module42; safe_float; source_signals; target_weights; upsert; utcnow; validate_decision_consistency,__future__; _m42_stage; canonical_market_daily; clean_regime_current; crypto_platform.module30; crypto_platform.module37; crypto_platform.module38; crypto_platform.module39; crypto_platform.module40; crypto_platform.module41; crypto_platform.platform; datetime; m37_optimized_allocations; m39_calibrated_forecasts; m41_horizon_reliability; m41_optimizer_feedback; m42_asset_recommendations; m42_decision_summary; m42_portfolio_plan; m42_price_projections; module42_runs
43,crypto_platform/module43.py,regime_validation,10,bear; bull,__init__; changes; clip; committee; conviction_tier; projection_value; projections; ranking; recommendations; run; run_module43; safe_float; summary; thesis; timing; triggers; upsert; utcnow,__future__; _m43_stage; crypto_platform.module42; crypto_platform.platform; datetime; m42_asset_recommendations; m42_decision_summary; m42_price_projections; m43_action_triggers; m43_buy_wait_analysis; m43_committee_brief; m43_decision_changes; m43_opportunity_ranking; m43_thesis_monitor; module42_runs; module43_runs
43,crypto_platform/module43.py,sensitivity_testing,2,scenario,__init__; changes; clip; committee; conviction_tier; projection_value; projections; ranking; recommendations; run; run_module43; safe_float; summary; thesis; timing; triggers; upsert; utcnow,__future__; _m43_stage; crypto_platform.module42; crypto_platform.platform; datetime; m42_asset_recommendations; m42_decision_summary; m42_price_projections; m43_action_triggers; m43_buy_wait_analysis; m43_committee_brief; m43_decision_changes; m43_opportunity_ranking; m43_thesis_monitor; module42_runs; module43_runs
43,crypto_platform/module43.py,auditability,57,run_id,__init__; changes; clip; committee; conviction_tier; projection_value; projections; ranking; recommendations; run; run_module43; safe_float; summary; thesis; timing; triggers; upsert; utcnow,__future__; _m43_stage; crypto_platform.module42; crypto_platform.platform; datetime; m42_asset_recommendations; m42_decision_summary; m42_price_projections; m43_action_triggers; m43_buy_wait_analysis; m43_committee_brief; m43_decision_changes; m43_opportunity_ranking; m43_thesis_monitor; module42_runs; module43_runs
43,crypto_platform/module43.py,universal_contract,4,recommendations,__init__; changes; clip; committee; conviction_tier; projection_value; projections; ranking; recommendations; run; run_module43; safe_float; summary; thesis; timing; triggers; upsert; utcnow,__future__; _m43_stage; crypto_platform.module42; crypto_platform.platform; datetime; m42_asset_recommendations; m42_decision_summary; m42_price_projections; m43_action_triggers; m43_buy_wait_analysis; m43_committee_brief; m43_decision_changes; m43_opportunity_ranking; m43_thesis_monitor; module42_runs; module43_runs
44,crypto_platform/module44.py,benchmark_comparison,35,benchmark; buy-and-hold; buy_and_hold; equal_weight,__init__; action_value; benchmark_comparison; horizon_value; outcomes; portfolio_value; price_on_or_after; recommendations; run; run_module44; safe_float; timing_value; upsert; utcnow,__future__; _m44_stage; canonical_market_daily; crypto_platform.module40; crypto_platform.module42; crypto_platform.module43; crypto_platform.platform; datetime; m42_asset_recommendations; m43_buy_wait_analysis; m43_committee_brief; m44_action_value; m44_benchmark_comparison; m44_decision_outcomes; m44_economic_value_summary; m44_horizon_value; m44_portfolio_value; m44_timing_value; module42_runs; module43_runs; module44_runs
44,crypto_platform/module44.py,drawdown_analysis,6,drawdown; maximum_drawdown,__init__; action_value; benchmark_comparison; horizon_value; outcomes; portfolio_value; price_on_or_after; recommendations; run; run_module44; safe_float; timing_value; upsert; utcnow,__future__; _m44_stage; canonical_market_daily; crypto_platform.module40; crypto_platform.module42; crypto_platform.module43; crypto_platform.platform; datetime; m42_asset_recommendations; m43_buy_wait_analysis; m43_committee_brief; m44_action_value; m44_benchmark_comparison; m44_decision_outcomes; m44_economic_value_summary; m44_horizon_value; m44_portfolio_value; m44_timing_value; module42_runs; module43_runs; module44_runs
44,crypto_platform/module44.py,risk_adjusted_metrics,13,sharpe; volatility,__init__; action_value; benchmark_comparison; horizon_value; outcomes; portfolio_value; price_on_or_after; recommendations; run; run_module44; safe_float; timing_value; upsert; utcnow,__future__; _m44_stage; canonical_market_daily; crypto_platform.module40; crypto_platform.module42; crypto_platform.module43; crypto_platform.platform; datetime; m42_asset_recommendations; m43_buy_wait_analysis; m43_committee_brief; m44_action_value; m44_benchmark_comparison; m44_decision_outcomes; m44_economic_value_summary; m44_horizon_value; m44_portfolio_value; m44_timing_value; module42_runs; module43_runs; module44_runs
44,crypto_platform/module44.py,auditability,58,run_id,__init__; action_value; benchmark_comparison; horizon_value; outcomes; portfolio_value; price_on_or_after; recommendations; run; run_module44; safe_float; timing_value; upsert; utcnow,__future__; _m44_stage; canonical_market_daily; crypto_platform.module40; crypto_platform.module42; crypto_platform.module43; crypto_platform.platform; datetime; m42_asset_recommendations; m43_buy_wait_analysis; m43_committee_brief; m44_action_value; m44_benchmark_comparison; m44_decision_outcomes; m44_economic_value_summary; m44_horizon_value; m44_portfolio_value; m44_timing_value; module42_runs; module43_runs; module44_runs
44,crypto_platform/module44.py,universal_contract,3,recommendations,__init__; action_value; benchmark_comparison; horizon_value; outcomes; portfolio_value; price_on_or_after; recommendations; run; run_module44; safe_float; timing_value; upsert; utcnow,__future__; _m44_stage; canonical_market_daily; crypto_platform.module40; crypto_platform.module42; crypto_platform.module43; crypto_platform.platform; datetime; m42_asset_recommendations; m43_buy_wait_analysis; m43_committee_brief; m44_action_value; m44_benchmark_comparison; m44_decision_outcomes; m44_economic_value_summary; m44_horizon_value; m44_portfolio_value; m44_timing_value; module42_runs; module43_runs; module44_runs
